[{"model": "auth.permission", "pk": 1, "fields": {"name": "Can use Structure mode", "content_type": 1, "codename": "use_structure"}}, {"model": "auth.permission", "pk": 2, "fields": {"name": "Can change page", "content_type": 2, "codename": "change_page"}}, {"model": "auth.permission", "pk": 3, "fields": {"name": "Can add permission", "content_type": 3, "codename": "add_permission"}}, {"model": "auth.permission", "pk": 4, "fields": {"name": "Can change permission", "content_type": 3, "codename": "change_permission"}}, {"model": "auth.permission", "pk": 5, "fields": {"name": "Can delete permission", "content_type": 3, "codename": "delete_permission"}}, {"model": "auth.permission", "pk": 6, "fields": {"name": "Can view permission", "content_type": 3, "codename": "view_permission"}}, {"model": "auth.permission", "pk": 7, "fields": {"name": "Can add group", "content_type": 4, "codename": "add_group"}}, {"model": "auth.permission", "pk": 8, "fields": {"name": "Can change group", "content_type": 4, "codename": "change_group"}}, {"model": "auth.permission", "pk": 9, "fields": {"name": "Can delete group", "content_type": 4, "codename": "delete_group"}}, {"model": "auth.permission", "pk": 10, "fields": {"name": "Can view group", "content_type": 4, "codename": "view_group"}}, {"model": "auth.permission", "pk": 11, "fields": {"name": "Can add user", "content_type": 5, "codename": "add_user"}}, {"model": "auth.permission", "pk": 12, "fields": {"name": "Can change user", "content_type": 5, "codename": "change_user"}}, {"model": "auth.permission", "pk": 13, "fields": {"name": "Can delete user", "content_type": 5, "codename": "delete_user"}}, {"model": "auth.permission", "pk": 14, "fields": {"name": "Can view user", "content_type": 5, "codename": "view_user"}}, {"model": "auth.permission", "pk": 15, "fields": {"name": "Can add content type", "content_type": 6, "codename": "add_contenttype"}}, {"model": "auth.permission", "pk": 16, "fields": {"name": "Can change content type", "content_type": 6, "codename": "change_contenttype"}}, {"model": "auth.permission", "pk": 17, "fields": {"name": "Can delete content type", "content_type": 6, "codename": "delete_contenttype"}}, {"model": "auth.permission", "pk": 18, "fields": {"name": "Can view content type", "content_type": 6, "codename": "view_contenttype"}}, {"model": "auth.permission", "pk": 19, "fields": {"name": "Can add session", "content_type": 7, "codename": "add_session"}}, {"model": "auth.permission", "pk": 20, "fields": {"name": "Can change session", "content_type": 7, "codename": "change_session"}}, {"model": "auth.permission", "pk": 21, "fields": {"name": "Can delete session", "content_type": 7, "codename": "delete_session"}}, {"model": "auth.permission", "pk": 22, "fields": {"name": "Can view session", "content_type": 7, "codename": "view_session"}}, {"model": "auth.permission", "pk": 23, "fields": {"name": "Can add log entry", "content_type": 8, "codename": "add_logentry"}}, {"model": "auth.permission", "pk": 24, "fields": {"name": "Can change log entry", "content_type": 8, "codename": "change_logentry"}}, {"model": "auth.permission", "pk": 25, "fields": {"name": "Can delete log entry", "content_type": 8, "codename": "delete_logentry"}}, {"model": "auth.permission", "pk": 26, "fields": {"name": "Can view log entry", "content_type": 8, "codename": "view_logentry"}}, {"model": "auth.permission", "pk": 27, "fields": {"name": "Can add site", "content_type": 9, "codename": "add_site"}}, {"model": "auth.permission", "pk": 28, "fields": {"name": "Can change site", "content_type": 9, "codename": "change_site"}}, {"model": "auth.permission", "pk": 29, "fields": {"name": "Can delete site", "content_type": 9, "codename": "delete_site"}}, {"model": "auth.permission", "pk": 30, "fields": {"name": "Can view site", "content_type": 9, "codename": "view_site"}}, {"model": "auth.permission", "pk": 31, "fields": {"name": "Can add cms plugin", "content_type": 10, "codename": "add_cmsplugin"}}, {"model": "auth.permission", "pk": 32, "fields": {"name": "Can change cms plugin", "content_type": 10, "codename": "change_cmsplugin"}}, {"model": "auth.permission", "pk": 33, "fields": {"name": "Can delete cms plugin", "content_type": 10, "codename": "delete_cmsplugin"}}, {"model": "auth.permission", "pk": 34, "fields": {"name": "Can view cms plugin", "content_type": 10, "codename": "view_cmsplugin"}}, {"model": "auth.permission", "pk": 35, "fields": {"name": "Can add alias plugin model", "content_type": 11, "codename": "add_aliaspluginmodel"}}, {"model": "auth.permission", "pk": 36, "fields": {"name": "Can change alias plugin model", "content_type": 11, "codename": "change_aliaspluginmodel"}}, {"model": "auth.permission", "pk": 37, "fields": {"name": "Can delete alias plugin model", "content_type": 11, "codename": "delete_aliaspluginmodel"}}, {"model": "auth.permission", "pk": 38, "fields": {"name": "Can view alias plugin model", "content_type": 11, "codename": "view_aliaspluginmodel"}}, {"model": "auth.permission", "pk": 39, "fields": {"name": "Can add Page global permission", "content_type": 12, "codename": "add_globalpagepermission"}}, {"model": "auth.permission", "pk": 40, "fields": {"name": "Can change Page global permission", "content_type": 12, "codename": "change_globalpagepermission"}}, {"model": "auth.permission", "pk": 41, "fields": {"name": "Can delete Page global permission", "content_type": 12, "codename": "delete_globalpagepermission"}}, {"model": "auth.permission", "pk": 42, "fields": {"name": "Can view Page global permission", "content_type": 12, "codename": "view_globalpagepermission"}}, {"model": "auth.permission", "pk": 43, "fields": {"name": "Can add page", "content_type": 2, "codename": "add_page"}}, {"model": "auth.permission", "pk": 44, "fields": {"name": "Can delete page", "content_type": 2, "codename": "delete_page"}}, {"model": "auth.permission", "pk": 45, "fields": {"name": "Can view page", "content_type": 2, "codename": "view_page"}}, {"model": "auth.permission", "pk": 46, "fields": {"name": "Can publish page", "content_type": 2, "codename": "publish_page"}}, {"model": "auth.permission", "pk": 47, "fields": {"name": "Can edit static placeholders", "content_type": 2, "codename": "edit_static_placeholder"}}, {"model": "auth.permission", "pk": 48, "fields": {"name": "Can add Page permission", "content_type": 13, "codename": "add_pagepermission"}}, {"model": "auth.permission", "pk": 49, "fields": {"name": "Can change Page permission", "content_type": 13, "codename": "change_pagepermission"}}, {"model": "auth.permission", "pk": 50, "fields": {"name": "Can delete Page permission", "content_type": 13, "codename": "delete_pagepermission"}}, {"model": "auth.permission", "pk": 51, "fields": {"name": "Can view Page permission", "content_type": 13, "codename": "view_pagepermission"}}, {"model": "auth.permission", "pk": 52, "fields": {"name": "Can add User (page)", "content_type": 14, "codename": "add_pageuser"}}, {"model": "auth.permission", "pk": 53, "fields": {"name": "Can change User (page)", "content_type": 14, "codename": "change_pageuser"}}, {"model": "auth.permission", "pk": 54, "fields": {"name": "Can delete User (page)", "content_type": 14, "codename": "delete_pageuser"}}, {"model": "auth.permission", "pk": 55, "fields": {"name": "Can view User (page)", "content_type": 14, "codename": "view_pageuser"}}, {"model": "auth.permission", "pk": 56, "fields": {"name": "Can add User group (page)", "content_type": 15, "codename": "add_pageusergroup"}}, {"model": "auth.permission", "pk": 57, "fields": {"name": "Can change User group (page)", "content_type": 15, "codename": "change_pageusergroup"}}, {"model": "auth.permission", "pk": 58, "fields": {"name": "Can delete User group (page)", "content_type": 15, "codename": "delete_pageusergroup"}}, {"model": "auth.permission", "pk": 59, "fields": {"name": "Can view User group (page)", "content_type": 15, "codename": "view_pageusergroup"}}, {"model": "auth.permission", "pk": 60, "fields": {"name": "Can add placeholder", "content_type": 1, "codename": "add_placeholder"}}, {"model": "auth.permission", "pk": 61, "fields": {"name": "Can change placeholder", "content_type": 1, "codename": "change_placeholder"}}, {"model": "auth.permission", "pk": 62, "fields": {"name": "Can delete placeholder", "content_type": 1, "codename": "delete_placeholder"}}, {"model": "auth.permission", "pk": 63, "fields": {"name": "Can view placeholder", "content_type": 1, "codename": "view_placeholder"}}, {"model": "auth.permission", "pk": 64, "fields": {"name": "Can add placeholder reference", "content_type": 16, "codename": "add_placeholderreference"}}, {"model": "auth.permission", "pk": 65, "fields": {"name": "Can change placeholder reference", "content_type": 16, "codename": "change_placeholderreference"}}, {"model": "auth.permission", "pk": 66, "fields": {"name": "Can delete placeholder reference", "content_type": 16, "codename": "delete_placeholderreference"}}, {"model": "auth.permission", "pk": 67, "fields": {"name": "Can view placeholder reference", "content_type": 16, "codename": "view_placeholderreference"}}, {"model": "auth.permission", "pk": 68, "fields": {"name": "Can add static placeholder", "content_type": 17, "codename": "add_staticplaceholder"}}, {"model": "auth.permission", "pk": 69, "fields": {"name": "Can change static placeholder", "content_type": 17, "codename": "change_staticplaceholder"}}, {"model": "auth.permission", "pk": 70, "fields": {"name": "Can delete static placeholder", "content_type": 17, "codename": "delete_staticplaceholder"}}, {"model": "auth.permission", "pk": 71, "fields": {"name": "Can view static placeholder", "content_type": 17, "codename": "view_staticplaceholder"}}, {"model": "auth.permission", "pk": 72, "fields": {"name": "Can add title", "content_type": 18, "codename": "add_title"}}, {"model": "auth.permission", "pk": 73, "fields": {"name": "Can change title", "content_type": 18, "codename": "change_title"}}, {"model": "auth.permission", "pk": 74, "fields": {"name": "Can delete title", "content_type": 18, "codename": "delete_title"}}, {"model": "auth.permission", "pk": 75, "fields": {"name": "Can view title", "content_type": 18, "codename": "view_title"}}, {"model": "auth.permission", "pk": 76, "fields": {"name": "Can add user setting", "content_type": 19, "codename": "add_usersettings"}}, {"model": "auth.permission", "pk": 77, "fields": {"name": "Can change user setting", "content_type": 19, "codename": "change_usersettings"}}, {"model": "auth.permission", "pk": 78, "fields": {"name": "Can delete user setting", "content_type": 19, "codename": "delete_usersettings"}}, {"model": "auth.permission", "pk": 79, "fields": {"name": "Can view user setting", "content_type": 19, "codename": "view_usersettings"}}, {"model": "auth.permission", "pk": 80, "fields": {"name": "Can add urlconf revision", "content_type": 20, "codename": "add_urlconfrevision"}}, {"model": "auth.permission", "pk": 81, "fields": {"name": "Can change urlconf revision", "content_type": 20, "codename": "change_urlconfrevision"}}, {"model": "auth.permission", "pk": 82, "fields": {"name": "Can delete urlconf revision", "content_type": 20, "codename": "delete_urlconfrevision"}}, {"model": "auth.permission", "pk": 83, "fields": {"name": "Can view urlconf revision", "content_type": 20, "codename": "view_urlconfrevision"}}, {"model": "auth.permission", "pk": 84, "fields": {"name": "Can add cache key", "content_type": 23, "codename": "add_cachekey"}}, {"model": "auth.permission", "pk": 85, "fields": {"name": "Can change cache key", "content_type": 23, "codename": "change_cachekey"}}, {"model": "auth.permission", "pk": 86, "fields": {"name": "Can delete cache key", "content_type": 23, "codename": "delete_cachekey"}}, {"model": "auth.permission", "pk": 87, "fields": {"name": "Can view cache key", "content_type": 23, "codename": "view_cachekey"}}, {"model": "auth.permission", "pk": 88, "fields": {"name": "Can add text", "content_type": 24, "codename": "add_text"}}, {"model": "auth.permission", "pk": 89, "fields": {"name": "Can change text", "content_type": 24, "codename": "change_text"}}, {"model": "auth.permission", "pk": 90, "fields": {"name": "Can delete text", "content_type": 24, "codename": "delete_text"}}, {"model": "auth.permission", "pk": 91, "fields": {"name": "Can view text", "content_type": 24, "codename": "view_text"}}, {"model": "auth.permission", "pk": 92, "fields": {"name": "Can add clipboard", "content_type": 25, "codename": "add_clipboard"}}, {"model": "auth.permission", "pk": 93, "fields": {"name": "Can change clipboard", "content_type": 25, "codename": "change_clipboard"}}, {"model": "auth.permission", "pk": 94, "fields": {"name": "Can delete clipboard", "content_type": 25, "codename": "delete_clipboard"}}, {"model": "auth.permission", "pk": 95, "fields": {"name": "Can view clipboard", "content_type": 25, "codename": "view_clipboard"}}, {"model": "auth.permission", "pk": 96, "fields": {"name": "Can add clipboard item", "content_type": 26, "codename": "add_clipboarditem"}}, {"model": "auth.permission", "pk": 97, "fields": {"name": "Can change clipboard item", "content_type": 26, "codename": "change_clipboarditem"}}, {"model": "auth.permission", "pk": 98, "fields": {"name": "Can delete clipboard item", "content_type": 26, "codename": "delete_clipboarditem"}}, {"model": "auth.permission", "pk": 99, "fields": {"name": "Can view clipboard item", "content_type": 26, "codename": "view_clipboarditem"}}, {"model": "auth.permission", "pk": 100, "fields": {"name": "Can add file", "content_type": 27, "codename": "add_file"}}, {"model": "auth.permission", "pk": 101, "fields": {"name": "Can change file", "content_type": 27, "codename": "change_file"}}, {"model": "auth.permission", "pk": 102, "fields": {"name": "Can delete file", "content_type": 27, "codename": "delete_file"}}, {"model": "auth.permission", "pk": 103, "fields": {"name": "Can view file", "content_type": 27, "codename": "view_file"}}, {"model": "auth.permission", "pk": 104, "fields": {"name": "Can add Folder", "content_type": 28, "codename": "add_folder"}}, {"model": "auth.permission", "pk": 105, "fields": {"name": "Can change Folder", "content_type": 28, "codename": "change_folder"}}, {"model": "auth.permission", "pk": 106, "fields": {"name": "Can delete Folder", "content_type": 28, "codename": "delete_folder"}}, {"model": "auth.permission", "pk": 107, "fields": {"name": "Can view Folder", "content_type": 28, "codename": "view_folder"}}, {"model": "auth.permission", "pk": 108, "fields": {"name": "Can use directory listing", "content_type": 28, "codename": "can_use_directory_listing"}}, {"model": "auth.permission", "pk": 109, "fields": {"name": "Can add folder permission", "content_type": 29, "codename": "add_folderpermission"}}, {"model": "auth.permission", "pk": 110, "fields": {"name": "Can change folder permission", "content_type": 29, "codename": "change_folderpermission"}}, {"model": "auth.permission", "pk": 111, "fields": {"name": "Can delete folder permission", "content_type": 29, "codename": "delete_folderpermission"}}, {"model": "auth.permission", "pk": 112, "fields": {"name": "Can view folder permission", "content_type": 29, "codename": "view_folderpermission"}}, {"model": "auth.permission", "pk": 113, "fields": {"name": "Can add image", "content_type": 30, "codename": "add_image"}}, {"model": "auth.permission", "pk": 114, "fields": {"name": "Can change image", "content_type": 30, "codename": "change_image"}}, {"model": "auth.permission", "pk": 115, "fields": {"name": "Can delete image", "content_type": 30, "codename": "delete_image"}}, {"model": "auth.permission", "pk": 116, "fields": {"name": "Can view image", "content_type": 30, "codename": "view_image"}}, {"model": "auth.permission", "pk": 117, "fields": {"name": "Can add thumbnail option", "content_type": 31, "codename": "add_thumbnailoption"}}, {"model": "auth.permission", "pk": 118, "fields": {"name": "Can change thumbnail option", "content_type": 31, "codename": "change_thumbnailoption"}}, {"model": "auth.permission", "pk": 119, "fields": {"name": "Can delete thumbnail option", "content_type": 31, "codename": "delete_thumbnailoption"}}, {"model": "auth.permission", "pk": 120, "fields": {"name": "Can view thumbnail option", "content_type": 31, "codename": "view_thumbnailoption"}}, {"model": "auth.permission", "pk": 121, "fields": {"name": "Can add source", "content_type": 32, "codename": "add_source"}}, {"model": "auth.permission", "pk": 122, "fields": {"name": "Can change source", "content_type": 32, "codename": "change_source"}}, {"model": "auth.permission", "pk": 123, "fields": {"name": "Can delete source", "content_type": 32, "codename": "delete_source"}}, {"model": "auth.permission", "pk": 124, "fields": {"name": "Can view source", "content_type": 32, "codename": "view_source"}}, {"model": "auth.permission", "pk": 125, "fields": {"name": "Can add thumbnail", "content_type": 33, "codename": "add_thumbnail"}}, {"model": "auth.permission", "pk": 126, "fields": {"name": "Can change thumbnail", "content_type": 33, "codename": "change_thumbnail"}}, {"model": "auth.permission", "pk": 127, "fields": {"name": "Can delete thumbnail", "content_type": 33, "codename": "delete_thumbnail"}}, {"model": "auth.permission", "pk": 128, "fields": {"name": "Can view thumbnail", "content_type": 33, "codename": "view_thumbnail"}}, {"model": "auth.permission", "pk": 129, "fields": {"name": "Can add thumbnail dimensions", "content_type": 34, "codename": "add_thumbnaildimensions"}}, {"model": "auth.permission", "pk": 130, "fields": {"name": "Can change thumbnail dimensions", "content_type": 34, "codename": "change_thumbnaildimensions"}}, {"model": "auth.permission", "pk": 131, "fields": {"name": "Can delete thumbnail dimensions", "content_type": 34, "codename": "delete_thumbnaildimensions"}}, {"model": "auth.permission", "pk": 132, "fields": {"name": "Can view thumbnail dimensions", "content_type": 34, "codename": "view_thumbnaildimensions"}}, {"model": "auth.permission", "pk": 133, "fields": {"name": "Can add bootstrap4 alerts", "content_type": 35, "codename": "add_bootstrap4alerts"}}, {"model": "auth.permission", "pk": 134, "fields": {"name": "Can change bootstrap4 alerts", "content_type": 35, "codename": "change_bootstrap4alerts"}}, {"model": "auth.permission", "pk": 135, "fields": {"name": "Can delete bootstrap4 alerts", "content_type": 35, "codename": "delete_bootstrap4alerts"}}, {"model": "auth.permission", "pk": 136, "fields": {"name": "Can view bootstrap4 alerts", "content_type": 35, "codename": "view_bootstrap4alerts"}}, {"model": "auth.permission", "pk": 137, "fields": {"name": "Can add bootstrap4 badge", "content_type": 36, "codename": "add_bootstrap4badge"}}, {"model": "auth.permission", "pk": 138, "fields": {"name": "Can change bootstrap4 badge", "content_type": 36, "codename": "change_bootstrap4badge"}}, {"model": "auth.permission", "pk": 139, "fields": {"name": "Can delete bootstrap4 badge", "content_type": 36, "codename": "delete_bootstrap4badge"}}, {"model": "auth.permission", "pk": 140, "fields": {"name": "Can view bootstrap4 badge", "content_type": 36, "codename": "view_bootstrap4badge"}}, {"model": "auth.permission", "pk": 141, "fields": {"name": "Can add bootstrap4 card", "content_type": 37, "codename": "add_bootstrap4card"}}, {"model": "auth.permission", "pk": 142, "fields": {"name": "Can change bootstrap4 card", "content_type": 37, "codename": "change_bootstrap4card"}}, {"model": "auth.permission", "pk": 143, "fields": {"name": "Can delete bootstrap4 card", "content_type": 37, "codename": "delete_bootstrap4card"}}, {"model": "auth.permission", "pk": 144, "fields": {"name": "Can view bootstrap4 card", "content_type": 37, "codename": "view_bootstrap4card"}}, {"model": "auth.permission", "pk": 145, "fields": {"name": "Can add bootstrap4 card inner", "content_type": 38, "codename": "add_bootstrap4cardinner"}}, {"model": "auth.permission", "pk": 146, "fields": {"name": "Can change bootstrap4 card inner", "content_type": 38, "codename": "change_bootstrap4cardinner"}}, {"model": "auth.permission", "pk": 147, "fields": {"name": "Can delete bootstrap4 card inner", "content_type": 38, "codename": "delete_bootstrap4cardinner"}}, {"model": "auth.permission", "pk": 148, "fields": {"name": "Can view bootstrap4 card inner", "content_type": 38, "codename": "view_bootstrap4cardinner"}}, {"model": "auth.permission", "pk": 149, "fields": {"name": "Can add bootstrap4 carousel", "content_type": 39, "codename": "add_bootstrap4carousel"}}, {"model": "auth.permission", "pk": 150, "fields": {"name": "Can change bootstrap4 carousel", "content_type": 39, "codename": "change_bootstrap4carousel"}}, {"model": "auth.permission", "pk": 151, "fields": {"name": "Can delete bootstrap4 carousel", "content_type": 39, "codename": "delete_bootstrap4carousel"}}, {"model": "auth.permission", "pk": 152, "fields": {"name": "Can view bootstrap4 carousel", "content_type": 39, "codename": "view_bootstrap4carousel"}}, {"model": "auth.permission", "pk": 153, "fields": {"name": "Can add bootstrap4 carousel slide", "content_type": 40, "codename": "add_bootstrap4carouselslide"}}, {"model": "auth.permission", "pk": 154, "fields": {"name": "Can change bootstrap4 carousel slide", "content_type": 40, "codename": "change_bootstrap4carouselslide"}}, {"model": "auth.permission", "pk": 155, "fields": {"name": "Can delete bootstrap4 carousel slide", "content_type": 40, "codename": "delete_bootstrap4carouselslide"}}, {"model": "auth.permission", "pk": 156, "fields": {"name": "Can view bootstrap4 carousel slide", "content_type": 40, "codename": "view_bootstrap4carouselslide"}}, {"model": "auth.permission", "pk": 157, "fields": {"name": "Can add bootstrap4 collapse", "content_type": 41, "codename": "add_bootstrap4collapse"}}, {"model": "auth.permission", "pk": 158, "fields": {"name": "Can change bootstrap4 collapse", "content_type": 41, "codename": "change_bootstrap4collapse"}}, {"model": "auth.permission", "pk": 159, "fields": {"name": "Can delete bootstrap4 collapse", "content_type": 41, "codename": "delete_bootstrap4collapse"}}, {"model": "auth.permission", "pk": 160, "fields": {"name": "Can view bootstrap4 collapse", "content_type": 41, "codename": "view_bootstrap4collapse"}}, {"model": "auth.permission", "pk": 161, "fields": {"name": "Can add bootstrap4 collapse container", "content_type": 42, "codename": "add_bootstrap4collapsecontainer"}}, {"model": "auth.permission", "pk": 162, "fields": {"name": "Can change bootstrap4 collapse container", "content_type": 42, "codename": "change_bootstrap4collapsecontainer"}}, {"model": "auth.permission", "pk": 163, "fields": {"name": "Can delete bootstrap4 collapse container", "content_type": 42, "codename": "delete_bootstrap4collapsecontainer"}}, {"model": "auth.permission", "pk": 164, "fields": {"name": "Can view bootstrap4 collapse container", "content_type": 42, "codename": "view_bootstrap4collapsecontainer"}}, {"model": "auth.permission", "pk": 165, "fields": {"name": "Can add bootstrap4 collapse trigger", "content_type": 43, "codename": "add_bootstrap4collapsetrigger"}}, {"model": "auth.permission", "pk": 166, "fields": {"name": "Can change bootstrap4 collapse trigger", "content_type": 43, "codename": "change_bootstrap4collapsetrigger"}}, {"model": "auth.permission", "pk": 167, "fields": {"name": "Can delete bootstrap4 collapse trigger", "content_type": 43, "codename": "delete_bootstrap4collapsetrigger"}}, {"model": "auth.permission", "pk": 168, "fields": {"name": "Can view bootstrap4 collapse trigger", "content_type": 43, "codename": "view_bootstrap4collapsetrigger"}}, {"model": "auth.permission", "pk": 169, "fields": {"name": "Can add bootstrap4 blockquote", "content_type": 44, "codename": "add_bootstrap4blockquote"}}, {"model": "auth.permission", "pk": 170, "fields": {"name": "Can change bootstrap4 blockquote", "content_type": 44, "codename": "change_bootstrap4blockquote"}}, {"model": "auth.permission", "pk": 171, "fields": {"name": "Can delete bootstrap4 blockquote", "content_type": 44, "codename": "delete_bootstrap4blockquote"}}, {"model": "auth.permission", "pk": 172, "fields": {"name": "Can view bootstrap4 blockquote", "content_type": 44, "codename": "view_bootstrap4blockquote"}}, {"model": "auth.permission", "pk": 173, "fields": {"name": "Can add bootstrap4 code", "content_type": 45, "codename": "add_bootstrap4code"}}, {"model": "auth.permission", "pk": 174, "fields": {"name": "Can change bootstrap4 code", "content_type": 45, "codename": "change_bootstrap4code"}}, {"model": "auth.permission", "pk": 175, "fields": {"name": "Can delete bootstrap4 code", "content_type": 45, "codename": "delete_bootstrap4code"}}, {"model": "auth.permission", "pk": 176, "fields": {"name": "Can view bootstrap4 code", "content_type": 45, "codename": "view_bootstrap4code"}}, {"model": "auth.permission", "pk": 177, "fields": {"name": "Can add bootstrap4 figure", "content_type": 46, "codename": "add_bootstrap4figure"}}, {"model": "auth.permission", "pk": 178, "fields": {"name": "Can change bootstrap4 figure", "content_type": 46, "codename": "change_bootstrap4figure"}}, {"model": "auth.permission", "pk": 179, "fields": {"name": "Can delete bootstrap4 figure", "content_type": 46, "codename": "delete_bootstrap4figure"}}, {"model": "auth.permission", "pk": 180, "fields": {"name": "Can view bootstrap4 figure", "content_type": 46, "codename": "view_bootstrap4figure"}}, {"model": "auth.permission", "pk": 181, "fields": {"name": "Can add bootstrap4 grid column", "content_type": 47, "codename": "add_bootstrap4gridcolumn"}}, {"model": "auth.permission", "pk": 182, "fields": {"name": "Can change bootstrap4 grid column", "content_type": 47, "codename": "change_bootstrap4gridcolumn"}}, {"model": "auth.permission", "pk": 183, "fields": {"name": "Can delete bootstrap4 grid column", "content_type": 47, "codename": "delete_bootstrap4gridcolumn"}}, {"model": "auth.permission", "pk": 184, "fields": {"name": "Can view bootstrap4 grid column", "content_type": 47, "codename": "view_bootstrap4gridcolumn"}}, {"model": "auth.permission", "pk": 185, "fields": {"name": "Can add bootstrap4 grid container", "content_type": 48, "codename": "add_bootstrap4gridcontainer"}}, {"model": "auth.permission", "pk": 186, "fields": {"name": "Can change bootstrap4 grid container", "content_type": 48, "codename": "change_bootstrap4gridcontainer"}}, {"model": "auth.permission", "pk": 187, "fields": {"name": "Can delete bootstrap4 grid container", "content_type": 48, "codename": "delete_bootstrap4gridcontainer"}}, {"model": "auth.permission", "pk": 188, "fields": {"name": "Can view bootstrap4 grid container", "content_type": 48, "codename": "view_bootstrap4gridcontainer"}}, {"model": "auth.permission", "pk": 189, "fields": {"name": "Can add bootstrap4 grid row", "content_type": 49, "codename": "add_bootstrap4gridrow"}}, {"model": "auth.permission", "pk": 190, "fields": {"name": "Can change bootstrap4 grid row", "content_type": 49, "codename": "change_bootstrap4gridrow"}}, {"model": "auth.permission", "pk": 191, "fields": {"name": "Can delete bootstrap4 grid row", "content_type": 49, "codename": "delete_bootstrap4gridrow"}}, {"model": "auth.permission", "pk": 192, "fields": {"name": "Can view bootstrap4 grid row", "content_type": 49, "codename": "view_bootstrap4gridrow"}}, {"model": "auth.permission", "pk": 193, "fields": {"name": "Can add bootstrap4 jumbotron", "content_type": 50, "codename": "add_bootstrap4jumbotron"}}, {"model": "auth.permission", "pk": 194, "fields": {"name": "Can change bootstrap4 jumbotron", "content_type": 50, "codename": "change_bootstrap4jumbotron"}}, {"model": "auth.permission", "pk": 195, "fields": {"name": "Can delete bootstrap4 jumbotron", "content_type": 50, "codename": "delete_bootstrap4jumbotron"}}, {"model": "auth.permission", "pk": 196, "fields": {"name": "Can view bootstrap4 jumbotron", "content_type": 50, "codename": "view_bootstrap4jumbotron"}}, {"model": "auth.permission", "pk": 197, "fields": {"name": "Can add bootstrap4 link", "content_type": 51, "codename": "add_bootstrap4link"}}, {"model": "auth.permission", "pk": 198, "fields": {"name": "Can change bootstrap4 link", "content_type": 51, "codename": "change_bootstrap4link"}}, {"model": "auth.permission", "pk": 199, "fields": {"name": "Can delete bootstrap4 link", "content_type": 51, "codename": "delete_bootstrap4link"}}, {"model": "auth.permission", "pk": 200, "fields": {"name": "Can view bootstrap4 link", "content_type": 51, "codename": "view_bootstrap4link"}}, {"model": "auth.permission", "pk": 201, "fields": {"name": "Can add bootstrap4 list group", "content_type": 52, "codename": "add_bootstrap4listgroup"}}, {"model": "auth.permission", "pk": 202, "fields": {"name": "Can change bootstrap4 list group", "content_type": 52, "codename": "change_bootstrap4listgroup"}}, {"model": "auth.permission", "pk": 203, "fields": {"name": "Can delete bootstrap4 list group", "content_type": 52, "codename": "delete_bootstrap4listgroup"}}, {"model": "auth.permission", "pk": 204, "fields": {"name": "Can view bootstrap4 list group", "content_type": 52, "codename": "view_bootstrap4listgroup"}}, {"model": "auth.permission", "pk": 205, "fields": {"name": "Can add bootstrap4 list group item", "content_type": 53, "codename": "add_bootstrap4listgroupitem"}}, {"model": "auth.permission", "pk": 206, "fields": {"name": "Can change bootstrap4 list group item", "content_type": 53, "codename": "change_bootstrap4listgroupitem"}}, {"model": "auth.permission", "pk": 207, "fields": {"name": "Can delete bootstrap4 list group item", "content_type": 53, "codename": "delete_bootstrap4listgroupitem"}}, {"model": "auth.permission", "pk": 208, "fields": {"name": "Can view bootstrap4 list group item", "content_type": 53, "codename": "view_bootstrap4listgroupitem"}}, {"model": "auth.permission", "pk": 209, "fields": {"name": "Can add bootstrap4 media", "content_type": 54, "codename": "add_bootstrap4media"}}, {"model": "auth.permission", "pk": 210, "fields": {"name": "Can change bootstrap4 media", "content_type": 54, "codename": "change_bootstrap4media"}}, {"model": "auth.permission", "pk": 211, "fields": {"name": "Can delete bootstrap4 media", "content_type": 54, "codename": "delete_bootstrap4media"}}, {"model": "auth.permission", "pk": 212, "fields": {"name": "Can view bootstrap4 media", "content_type": 54, "codename": "view_bootstrap4media"}}, {"model": "auth.permission", "pk": 213, "fields": {"name": "Can add bootstrap4 media body", "content_type": 55, "codename": "add_bootstrap4mediabody"}}, {"model": "auth.permission", "pk": 214, "fields": {"name": "Can change bootstrap4 media body", "content_type": 55, "codename": "change_bootstrap4mediabody"}}, {"model": "auth.permission", "pk": 215, "fields": {"name": "Can delete bootstrap4 media body", "content_type": 55, "codename": "delete_bootstrap4mediabody"}}, {"model": "auth.permission", "pk": 216, "fields": {"name": "Can view bootstrap4 media body", "content_type": 55, "codename": "view_bootstrap4mediabody"}}, {"model": "auth.permission", "pk": 217, "fields": {"name": "Can add bootstrap4 picture", "content_type": 56, "codename": "add_bootstrap4picture"}}, {"model": "auth.permission", "pk": 218, "fields": {"name": "Can change bootstrap4 picture", "content_type": 56, "codename": "change_bootstrap4picture"}}, {"model": "auth.permission", "pk": 219, "fields": {"name": "Can delete bootstrap4 picture", "content_type": 56, "codename": "delete_bootstrap4picture"}}, {"model": "auth.permission", "pk": 220, "fields": {"name": "Can view bootstrap4 picture", "content_type": 56, "codename": "view_bootstrap4picture"}}, {"model": "auth.permission", "pk": 221, "fields": {"name": "Can add bootstrap4 tab", "content_type": 57, "codename": "add_bootstrap4tab"}}, {"model": "auth.permission", "pk": 222, "fields": {"name": "Can change bootstrap4 tab", "content_type": 57, "codename": "change_bootstrap4tab"}}, {"model": "auth.permission", "pk": 223, "fields": {"name": "Can delete bootstrap4 tab", "content_type": 57, "codename": "delete_bootstrap4tab"}}, {"model": "auth.permission", "pk": 224, "fields": {"name": "Can view bootstrap4 tab", "content_type": 57, "codename": "view_bootstrap4tab"}}, {"model": "auth.permission", "pk": 225, "fields": {"name": "Can add bootstrap4 tab item", "content_type": 58, "codename": "add_bootstrap4tabitem"}}, {"model": "auth.permission", "pk": 226, "fields": {"name": "Can change bootstrap4 tab item", "content_type": 58, "codename": "change_bootstrap4tabitem"}}, {"model": "auth.permission", "pk": 227, "fields": {"name": "Can delete bootstrap4 tab item", "content_type": 58, "codename": "delete_bootstrap4tabitem"}}, {"model": "auth.permission", "pk": 228, "fields": {"name": "Can view bootstrap4 tab item", "content_type": 58, "codename": "view_bootstrap4tabitem"}}, {"model": "auth.permission", "pk": 229, "fields": {"name": "Can add bootstrap4 spacing", "content_type": 59, "codename": "add_bootstrap4spacing"}}, {"model": "auth.permission", "pk": 230, "fields": {"name": "Can change bootstrap4 spacing", "content_type": 59, "codename": "change_bootstrap4spacing"}}, {"model": "auth.permission", "pk": 231, "fields": {"name": "Can delete bootstrap4 spacing", "content_type": 59, "codename": "delete_bootstrap4spacing"}}, {"model": "auth.permission", "pk": 232, "fields": {"name": "Can view bootstrap4 spacing", "content_type": 59, "codename": "view_bootstrap4spacing"}}, {"model": "auth.permission", "pk": 233, "fields": {"name": "Can add file", "content_type": 60, "codename": "add_file"}}, {"model": "auth.permission", "pk": 234, "fields": {"name": "Can change file", "content_type": 60, "codename": "change_file"}}, {"model": "auth.permission", "pk": 235, "fields": {"name": "Can delete file", "content_type": 60, "codename": "delete_file"}}, {"model": "auth.permission", "pk": 236, "fields": {"name": "Can view file", "content_type": 60, "codename": "view_file"}}, {"model": "auth.permission", "pk": 237, "fields": {"name": "Can add folder", "content_type": 61, "codename": "add_folder"}}, {"model": "auth.permission", "pk": 238, "fields": {"name": "Can change folder", "content_type": 61, "codename": "change_folder"}}, {"model": "auth.permission", "pk": 239, "fields": {"name": "Can delete folder", "content_type": 61, "codename": "delete_folder"}}, {"model": "auth.permission", "pk": 240, "fields": {"name": "Can view folder", "content_type": 61, "codename": "view_folder"}}, {"model": "auth.permission", "pk": 241, "fields": {"name": "Can add icon", "content_type": 62, "codename": "add_icon"}}, {"model": "auth.permission", "pk": 242, "fields": {"name": "Can change icon", "content_type": 62, "codename": "change_icon"}}, {"model": "auth.permission", "pk": 243, "fields": {"name": "Can delete icon", "content_type": 62, "codename": "delete_icon"}}, {"model": "auth.permission", "pk": 244, "fields": {"name": "Can view icon", "content_type": 62, "codename": "view_icon"}}, {"model": "auth.permission", "pk": 245, "fields": {"name": "Can add link", "content_type": 63, "codename": "add_link"}}, {"model": "auth.permission", "pk": 246, "fields": {"name": "Can change link", "content_type": 63, "codename": "change_link"}}, {"model": "auth.permission", "pk": 247, "fields": {"name": "Can delete link", "content_type": 63, "codename": "delete_link"}}, {"model": "auth.permission", "pk": 248, "fields": {"name": "Can view link", "content_type": 63, "codename": "view_link"}}, {"model": "auth.permission", "pk": 249, "fields": {"name": "Can add picture", "content_type": 64, "codename": "add_picture"}}, {"model": "auth.permission", "pk": 250, "fields": {"name": "Can change picture", "content_type": 64, "codename": "change_picture"}}, {"model": "auth.permission", "pk": 251, "fields": {"name": "Can delete picture", "content_type": 64, "codename": "delete_picture"}}, {"model": "auth.permission", "pk": 252, "fields": {"name": "Can view picture", "content_type": 64, "codename": "view_picture"}}, {"model": "auth.permission", "pk": 253, "fields": {"name": "Can add style", "content_type": 65, "codename": "add_style"}}, {"model": "auth.permission", "pk": 254, "fields": {"name": "Can change style", "content_type": 65, "codename": "change_style"}}, {"model": "auth.permission", "pk": 255, "fields": {"name": "Can delete style", "content_type": 65, "codename": "delete_style"}}, {"model": "auth.permission", "pk": 256, "fields": {"name": "Can view style", "content_type": 65, "codename": "view_style"}}, {"model": "auth.permission", "pk": 257, "fields": {"name": "Can add google map", "content_type": 66, "codename": "add_googlemap"}}, {"model": "auth.permission", "pk": 258, "fields": {"name": "Can change google map", "content_type": 66, "codename": "change_googlemap"}}, {"model": "auth.permission", "pk": 259, "fields": {"name": "Can delete google map", "content_type": 66, "codename": "delete_googlemap"}}, {"model": "auth.permission", "pk": 260, "fields": {"name": "Can view google map", "content_type": 66, "codename": "view_googlemap"}}, {"model": "auth.permission", "pk": 261, "fields": {"name": "Can add google map marker", "content_type": 67, "codename": "add_googlemapmarker"}}, {"model": "auth.permission", "pk": 262, "fields": {"name": "Can change google map marker", "content_type": 67, "codename": "change_googlemapmarker"}}, {"model": "auth.permission", "pk": 263, "fields": {"name": "Can delete google map marker", "content_type": 67, "codename": "delete_googlemapmarker"}}, {"model": "auth.permission", "pk": 264, "fields": {"name": "Can view google map marker", "content_type": 67, "codename": "view_googlemapmarker"}}, {"model": "auth.permission", "pk": 265, "fields": {"name": "Can add google map route", "content_type": 68, "codename": "add_googlemaproute"}}, {"model": "auth.permission", "pk": 266, "fields": {"name": "Can change google map route", "content_type": 68, "codename": "change_googlemaproute"}}, {"model": "auth.permission", "pk": 267, "fields": {"name": "Can delete google map route", "content_type": 68, "codename": "delete_googlemaproute"}}, {"model": "auth.permission", "pk": 268, "fields": {"name": "Can view google map route", "content_type": 68, "codename": "view_googlemaproute"}}, {"model": "auth.permission", "pk": 269, "fields": {"name": "Can add video player", "content_type": 69, "codename": "add_videoplayer"}}, {"model": "auth.permission", "pk": 270, "fields": {"name": "Can change video player", "content_type": 69, "codename": "change_videoplayer"}}, {"model": "auth.permission", "pk": 271, "fields": {"name": "Can delete video player", "content_type": 69, "codename": "delete_videoplayer"}}, {"model": "auth.permission", "pk": 272, "fields": {"name": "Can view video player", "content_type": 69, "codename": "view_videoplayer"}}, {"model": "auth.permission", "pk": 273, "fields": {"name": "Can add video source", "content_type": 70, "codename": "add_videosource"}}, {"model": "auth.permission", "pk": 274, "fields": {"name": "Can change video source", "content_type": 70, "codename": "change_videosource"}}, {"model": "auth.permission", "pk": 275, "fields": {"name": "Can delete video source", "content_type": 70, "codename": "delete_videosource"}}, {"model": "auth.permission", "pk": 276, "fields": {"name": "Can view video source", "content_type": 70, "codename": "view_videosource"}}, {"model": "auth.permission", "pk": 277, "fields": {"name": "Can add video track", "content_type": 71, "codename": "add_videotrack"}}, {"model": "auth.permission", "pk": 278, "fields": {"name": "Can change video track", "content_type": 71, "codename": "change_videotrack"}}, {"model": "auth.permission", "pk": 279, "fields": {"name": "Can delete video track", "content_type": 71, "codename": "delete_videotrack"}}, {"model": "auth.permission", "pk": 280, "fields": {"name": "Can view video track", "content_type": 71, "codename": "view_videotrack"}}, {"model": "auth.permission", "pk": 281, "fields": {"name": "Can add contact us", "content_type": 73, "codename": "add_contactus"}}, {"model": "auth.permission", "pk": 282, "fields": {"name": "Can change contact us", "content_type": 73, "codename": "change_contactus"}}, {"model": "auth.permission", "pk": 283, "fields": {"name": "Can delete contact us", "content_type": 73, "codename": "delete_contactus"}}, {"model": "auth.permission", "pk": 284, "fields": {"name": "Can view contact us", "content_type": 73, "codename": "view_contactus"}}, {"model": "auth.permission", "pk": 285, "fields": {"name": "Can add gallery", "content_type": 72, "codename": "add_gallery"}}, {"model": "auth.permission", "pk": 286, "fields": {"name": "Can change gallery", "content_type": 72, "codename": "change_gallery"}}, {"model": "auth.permission", "pk": 287, "fields": {"name": "Can delete gallery", "content_type": 72, "codename": "delete_gallery"}}, {"model": "auth.permission", "pk": 288, "fields": {"name": "Can view gallery", "content_type": 72, "codename": "view_gallery"}}, {"model": "auth.user", "pk": 1, "fields": {"password": "pbkdf2_sha256$216000$WJIycFT5mu1b$MnDWAoivAoBJjBK0+RmMTHQoUeXVt84POjXLXDXUWqU=", "last_login": "2021-10-11T08:03:17.432Z", "is_superuser": true, "username": "admin", "first_name": "", "last_name": "", "email": "admin@admin.com", "is_staff": true, "is_active": true, "date_joined": "2021-06-16T06:24:40.483Z", "groups": [], "user_permissions": []}}, {"model": "contenttypes.contenttype", "pk": 1, "fields": {"app_label": "cms", "model": "placeholder"}}, {"model": "contenttypes.contenttype", "pk": 2, "fields": {"app_label": "cms", "model": "page"}}, {"model": "contenttypes.contenttype", "pk": 3, "fields": {"app_label": "auth", "model": "permission"}}, {"model": "contenttypes.contenttype", "pk": 4, "fields": {"app_label": "auth", "model": "group"}}, {"model": "contenttypes.contenttype", "pk": 5, "fields": {"app_label": "auth", "model": "user"}}, {"model": "contenttypes.contenttype", "pk": 6, "fields": {"app_label": "contenttypes", "model": "contenttype"}}, {"model": "contenttypes.contenttype", "pk": 7, "fields": {"app_label": "sessions", "model": "session"}}, {"model": "contenttypes.contenttype", "pk": 8, "fields": {"app_label": "admin", "model": "logentry"}}, {"model": "contenttypes.contenttype", "pk": 9, "fields": {"app_label": "sites", "model": "site"}}, {"model": "contenttypes.contenttype", "pk": 10, "fields": {"app_label": "cms", "model": "cmsplugin"}}, {"model": "contenttypes.contenttype", "pk": 11, "fields": {"app_label": "cms", "model": "aliaspluginmodel"}}, {"model": "contenttypes.contenttype", "pk": 12, "fields": {"app_label": "cms", "model": "globalpagepermission"}}, {"model": "contenttypes.contenttype", "pk": 13, "fields": {"app_label": "cms", "model": "pagepermission"}}, {"model": "contenttypes.contenttype", "pk": 14, "fields": {"app_label": "cms", "model": "pageuser"}}, {"model": "contenttypes.contenttype", "pk": 15, "fields": {"app_label": "cms", "model": "pageusergroup"}}, {"model": "contenttypes.contenttype", "pk": 16, "fields": {"app_label": "cms", "model": "placeholderreference"}}, {"model": "contenttypes.contenttype", "pk": 17, "fields": {"app_label": "cms", "model": "staticplaceholder"}}, {"model": "contenttypes.contenttype", "pk": 18, "fields": {"app_label": "cms", "model": "title"}}, {"model": "contenttypes.contenttype", "pk": 19, "fields": {"app_label": "cms", "model": "usersettings"}}, {"model": "contenttypes.contenttype", "pk": 20, "fields": {"app_label": "cms", "model": "urlconfrevision"}}, {"model": "contenttypes.contenttype", "pk": 21, "fields": {"app_label": "cms", "model": "pagetype"}}, {"model": "contenttypes.contenttype", "pk": 22, "fields": {"app_label": "cms", "model": "treenode"}}, {"model": "contenttypes.contenttype", "pk": 23, "fields": {"app_label": "menus", "model": "cachekey"}}, {"model": "contenttypes.contenttype", "pk": 24, "fields": {"app_label": "djangocms_text_ckeditor", "model": "text"}}, {"model": "contenttypes.contenttype", "pk": 25, "fields": {"app_label": "filer", "model": "clipboard"}}, {"model": "contenttypes.contenttype", "pk": 26, "fields": {"app_label": "filer", "model": "clipboarditem"}}, {"model": "contenttypes.contenttype", "pk": 27, "fields": {"app_label": "filer", "model": "file"}}, {"model": "contenttypes.contenttype", "pk": 28, "fields": {"app_label": "filer", "model": "folder"}}, {"model": "contenttypes.contenttype", "pk": 29, "fields": {"app_label": "filer", "model": "folderpermission"}}, {"model": "contenttypes.contenttype", "pk": 30, "fields": {"app_label": "filer", "model": "image"}}, {"model": "contenttypes.contenttype", "pk": 31, "fields": {"app_label": "filer", "model": "thumbnailoption"}}, {"model": "contenttypes.contenttype", "pk": 32, "fields": {"app_label": "easy_thumbnails", "model": "source"}}, {"model": "contenttypes.contenttype", "pk": 33, "fields": {"app_label": "easy_thumbnails", "model": "thumbnail"}}, {"model": "contenttypes.contenttype", "pk": 34, "fields": {"app_label": "easy_thumbnails", "model": "thumbnaildimensions"}}, {"model": "contenttypes.contenttype", "pk": 35, "fields": {"app_label": "bootstrap4_alerts", "model": "bootstrap4alerts"}}, {"model": "contenttypes.contenttype", "pk": 36, "fields": {"app_label": "bootstrap4_badge", "model": "bootstrap4badge"}}, {"model": "contenttypes.contenttype", "pk": 37, "fields": {"app_label": "bootstrap4_card", "model": "bootstrap4card"}}, {"model": "contenttypes.contenttype", "pk": 38, "fields": {"app_label": "bootstrap4_card", "model": "bootstrap4cardinner"}}, {"model": "contenttypes.contenttype", "pk": 39, "fields": {"app_label": "bootstrap4_carousel", "model": "bootstrap4carousel"}}, {"model": "contenttypes.contenttype", "pk": 40, "fields": {"app_label": "bootstrap4_carousel", "model": "bootstrap4carouselslide"}}, {"model": "contenttypes.contenttype", "pk": 41, "fields": {"app_label": "bootstrap4_collapse", "model": "bootstrap4collapse"}}, {"model": "contenttypes.contenttype", "pk": 42, "fields": {"app_label": "bootstrap4_collapse", "model": "bootstrap4collapsecontainer"}}, {"model": "contenttypes.contenttype", "pk": 43, "fields": {"app_label": "bootstrap4_collapse", "model": "bootstrap4collapsetrigger"}}, {"model": "contenttypes.contenttype", "pk": 44, "fields": {"app_label": "bootstrap4_content", "model": "bootstrap4blockquote"}}, {"model": "contenttypes.contenttype", "pk": 45, "fields": {"app_label": "bootstrap4_content", "model": "bootstrap4code"}}, {"model": "contenttypes.contenttype", "pk": 46, "fields": {"app_label": "bootstrap4_content", "model": "bootstrap4figure"}}, {"model": "contenttypes.contenttype", "pk": 47, "fields": {"app_label": "bootstrap4_grid", "model": "bootstrap4gridcolumn"}}, {"model": "contenttypes.contenttype", "pk": 48, "fields": {"app_label": "bootstrap4_grid", "model": "bootstrap4gridcontainer"}}, {"model": "contenttypes.contenttype", "pk": 49, "fields": {"app_label": "bootstrap4_grid", "model": "bootstrap4gridrow"}}, {"model": "contenttypes.contenttype", "pk": 50, "fields": {"app_label": "bootstrap4_jumbotron", "model": "bootstrap4jumbotron"}}, {"model": "contenttypes.contenttype", "pk": 51, "fields": {"app_label": "bootstrap4_link", "model": "bootstrap4link"}}, {"model": "contenttypes.contenttype", "pk": 52, "fields": {"app_label": "bootstrap4_listgroup", "model": "bootstrap4listgroup"}}, {"model": "contenttypes.contenttype", "pk": 53, "fields": {"app_label": "bootstrap4_listgroup", "model": "bootstrap4listgroupitem"}}, {"model": "contenttypes.contenttype", "pk": 54, "fields": {"app_label": "bootstrap4_media", "model": "bootstrap4media"}}, {"model": "contenttypes.contenttype", "pk": 55, "fields": {"app_label": "bootstrap4_media", "model": "bootstrap4mediabody"}}, {"model": "contenttypes.contenttype", "pk": 56, "fields": {"app_label": "bootstrap4_picture", "model": "bootstrap4picture"}}, {"model": "contenttypes.contenttype", "pk": 57, "fields": {"app_label": "bootstrap4_tabs", "model": "bootstrap4tab"}}, {"model": "contenttypes.contenttype", "pk": 58, "fields": {"app_label": "bootstrap4_tabs", "model": "bootstrap4tabitem"}}, {"model": "contenttypes.contenttype", "pk": 59, "fields": {"app_label": "bootstrap4_utilities", "model": "bootstrap4spacing"}}, {"model": "contenttypes.contenttype", "pk": 60, "fields": {"app_label": "djangocms_file", "model": "file"}}, {"model": "contenttypes.contenttype", "pk": 61, "fields": {"app_label": "djangocms_file", "model": "folder"}}, {"model": "contenttypes.contenttype", "pk": 62, "fields": {"app_label": "djangocms_icon", "model": "icon"}}, {"model": "contenttypes.contenttype", "pk": 63, "fields": {"app_label": "djangocms_link", "model": "link"}}, {"model": "contenttypes.contenttype", "pk": 64, "fields": {"app_label": "djangocms_picture", "model": "picture"}}, {"model": "contenttypes.contenttype", "pk": 65, "fields": {"app_label": "djangocms_style", "model": "style"}}, {"model": "contenttypes.contenttype", "pk": 66, "fields": {"app_label": "djangocms_googlemap", "model": "googlemap"}}, {"model": "contenttypes.contenttype", "pk": 67, "fields": {"app_label": "djangocms_googlemap", "model": "googlemapmarker"}}, {"model": "contenttypes.contenttype", "pk": 68, "fields": {"app_label": "djangocms_googlemap", "model": "googlemaproute"}}, {"model": "contenttypes.contenttype", "pk": 69, "fields": {"app_label": "djangocms_video", "model": "videoplayer"}}, {"model": "contenttypes.contenttype", "pk": 70, "fields": {"app_label": "djangocms_video", "model": "videosource"}}, {"model": "contenttypes.contenttype", "pk": 71, "fields": {"app_label": "djangocms_video", "model": "videotrack"}}, {"model": "contenttypes.contenttype", "pk": 72, "fields": {"app_label": "SampleTemplate", "model": "gallery"}}, {"model": "contenttypes.contenttype", "pk": 73, "fields": {"app_label": "SampleTemplate", "model": "contactus"}}, {"model": "sessions.session", "pk": "58e303jvvymppez2dzal3mm6m48gw3jg", "fields": {"session_data": ".eJxVjkEOwiAURO_C2jQUKLQu3XsG8oGPRbEYoLow3t02dmG3895M5k00zHXUc8GsgyNH0pLDf2bA3nBagbvCdEmNTVPNwTSr0my0NOfkMJ42dzcwQhmXtndSCYbK8sELxlEyj0NLpaNt33VWCaDKGI526Hrfc9kKKgamqAHGAK1dRu296JpSNJC1CwVMxOWXh1jwB9GFugseGZ8BX-RY84yfL_AcT18:1mWB0N:tgJThghaIYVIj2aK_Us5a57jpmJRXAb5vmXvnxgQs8g", "expire_date": "2021-10-15T05:22:43.124Z"}}, {"model": "sessions.session", "pk": "5ul4zp18thejqhus4j2s4s3cl8v8ffap", "fields": {"session_data": ".eJyrVkrOLY4vyc_PSUosik_JLE5MyklNUbJKS8wpTtUBS6amZJYoWZUUlUL5BUWpZZmp5VA1tQA_fRi5:1lyVoW:mxc8IPfi-09CuWL5dFXvo2P0YijVE24C4w3iS_Ir3mw", "expire_date": "2021-07-14T08:43:20.908Z"}}, {"model": "sessions.session", "pk": "c80z81lmetoosqqvgdga2nlukb2kitoq", "fields": {"session_data": ".eJxVj0EOwiAQRe_C2jQUaGm7dO8ZyACDRbEYoLow3l2Mmtjte39-_jyIgrXMas2YlLdkIi3Z_TMN5ozLW9gTLMfYmLiU5HXzjjRfm5tDtBj23-ymYIY812tneykYSsNHJxjHnjkcW9pb2g5dZ6QAKrXmaMZucAPvW0HFyCTVwBigMbXUXLIqMQYNSVmfQQesuxyEjB-J1pcNuCa8ebyTqaS1IudDHRQgF-VisL-POXm-ANVUWKw:1mYnap:Z6Psd4ElaNGr9YRKVgCnLUd-hBe4JisitneVGIcrxLI", "expire_date": "2021-10-22T10:59:11.486Z"}}, {"model": "sessions.session", "pk": "k7nkbze112tiablagwkvyjrb3lz0uj13", "fields": {"session_data": ".eJxVjkEOwiAQRe_C2jSUUihduvcMZIDBolgMUF0Y724bu9Dln_fm57-IhqVOeimYdXBkJC05_N4M2CvOG3AXmM-psWmuOZhmU5qdluaUHMbj7v4VTFCm9ds7ITlDaTvlOetQMI-qpcLRduh7KzlQaUyHVvWDHzrRcsoVk9QAY4DWrqX2VnRNKRrI2oUCJuK6y0Ms-IXoQiVjzcue7xkfAZ-78_4A8ZlPXw:1mZqa2:ZXBUYtowwznIH7LL6KeRxq3qlWZHLj-WwR2jpyf5FjQ", "expire_date": "2021-10-25T08:22:42.841Z"}}, {"model": "sessions.session", "pk": "kk3v171hkf9jx0chdlyvhy39vck61a9t", "fields": {"session_data": ".eJxVj0EOwiAQRe_C2jSU0tJ26d4zkAEGi2IxQHVhvLs0VqPLmffm58-DSFjyJJeEUTpDRlKT3e9OgT7jvAJzgvkYKh3mHJ2qVqXaaKoOwaDfb-5fwARpKtfWdIIzFLoZLGcNdsziUNPO0LpvWy04UKFUg3poe9s3Xc0pH5igChgD1LqE6kuSOQSvIErjEiiPpZcFn_AN0bhMxhyXbb5GvDm8fx3rfCnkIWVpgzefjxl5vgDWzlir:1lzBop:Ci26KRsGFdytgyiuVLYp8891L655if04NAzSzRiIsWg", "expire_date": "2021-07-16T05:34:27.571Z"}}, {"model": "sessions.session", "pk": "ndumfoxl1ek8imzorxkq5a8ht1y1pv7s", "fields": {"session_data": ".eJxVj0EOwiAQRe_C2jSU0tJ26d4zkAEGi2IxQHVhvLs0NtFu3_vz8-dFJCx5kkvCKJ0hI6nJ4Z8p0FecV2EuMJ9DpcOco1PVGqk2m6pTMOiPW3ZXMEGayrU1neAMhW4Gy1mDHbM41LQztO7bVgsOVCjVoB7a3vZNV3PKByaoAsYAtS6l-pZkDsEriNK4BMpj2WXBJ_xKNC7vwD3iw-GTjDkuBVnnyyAPKUsbvPl9_P4A1U5Yqg:1luE0U:H5xdNMPazPg1H_XyUHzkMl2bXeXT-D5REZH9XcE5TlA", "expire_date": "2021-07-02T12:53:58.772Z"}}, {"model": "sessions.session", "pk": "qromktyzev6sudnbwmb6jr7a3o2m41uj", "fields": {"session_data": ".eJxVjkEOwiAURO_C2jQUKLQu3XsG8oGPRbEYoLow3t02dmG3895M5k00zHXUc8GsgyNH0pLDf2bA3nBagbvCdEmNTVPNwTSr0my0NOfkMJ42dzcwQhmXtndSCYbK8sELxlEyj0NLpaNt33VWCaDKGI526Hrfc9kKKgamqAHGAK1dRu296JpSNJC1CwVMxOWXh1jwB9GFugseGZ8BX-RY84yfL_AcT18:1lvDP1:XETPvzuYJ0SpVJj2yNzpbu5-VYGZNgSHrd1FfCplaJg", "expire_date": "2021-07-05T06:27:23.843Z"}}, {"model": "sessions.session", "pk": "w2y4d5n26cyou1x8js5cyog2sjwcsjt9", "fields": {"session_data": ".eJxVjkEOwiAURO_C2jQUKLQu3XsG8oGPRbEYoLow3t02dmG3895M5k00zHXUc8GsgyNH0pLDf2bA3nBagbvCdEmNTVPNwTSr0my0NOfkMJ42dzcwQhmXtndSCYbK8sELxlEyj0NLpaNt33VWCaDKGI526Hrfc9kKKgamqAHGAK1dRu296JpSNJC1CwVMxOWXh1jwB9GFugseGZ8BX-RY84yfL_AcT18:1lzDMd:LCHB30iqiSC3LCQSjYfWGLIrh-_r7t_l-oiQpJK6TnI", "expire_date": "2021-07-16T07:13:27.016Z"}}, {"model": "sessions.session", "pk": "xri1nxcsqrpgducu9npzzaeu74k9sl44", "fields": {"session_data": ".eJxVjkEOwiAQRe_C2jSUUihduvcMZIDBolgMUF0Y724bu9Dln_fm57-IhqVOeimYdXBkJC05_N4M2CvOG3AXmM-psWmuOZhmU5qdluaUHMbj7v4VTFCm9ds7ITlDaTvlOetQMI-qpcLRduh7KzlQaUyHVvWDHzrRcsoVk9QAY4DWrqX2VnRNKRrI2oUCJuK6y0Ms-IXoQiVjzcue7xkfAZ-78_4A8ZlPXw:1ltQ1z:sEHMKg4ETczwoUyuN2-B5WOzAlzOFbT1zcX9NYjvbNI", "expire_date": "2021-06-30T07:32:11.965Z"}}, {"model": "admin.logentry", "pk": 1, "fields": {"action_time": "2021-06-16T06:37:51.377Z", "user": 1, "content_type": 2, "object_id": "1", "object_repr": "Home", "action_flag": 2, "change_message": ""}}, {"model": "admin.logentry", "pk": 2, "fields": {"action_time": "2021-06-16T06:38:02.926Z", "user": 1, "content_type": 2, "object_id": "3", "object_repr": "About", "action_flag": 2, "change_message": ""}}, {"model": "admin.logentry", "pk": 3, "fields": {"action_time": "2021-06-16T06:39:28.068Z", "user": 1, "content_type": 2, "object_id": "1", "object_repr": "Home", "action_flag": 2, "change_message": "[]"}}, {"model": "admin.logentry", "pk": 4, "fields": {"action_time": "2021-06-16T06:39:31.302Z", "user": 1, "content_type": 2, "object_id": "1", "object_repr": "Home", "action_flag": 2, "change_message": ""}}, {"model": "admin.logentry", "pk": 5, "fields": {"action_time": "2021-06-16T06:40:56.195Z", "user": 1, "content_type": 2, "object_id": "1", "object_repr": "Home", "action_flag": 2, "change_message": "[{\"changed\": {\"fields\": [\"Template\", \"X Frame Options\"]}}]"}}, {"model": "admin.logentry", "pk": 6, "fields": {"action_time": "2021-06-16T06:57:24.995Z", "user": 1, "content_type": 2, "object_id": "1", "object_repr": "Home", "action_flag": 2, "change_message": ""}}, {"model": "admin.logentry", "pk": 7, "fields": {"action_time": "2021-06-16T08:37:13.472Z", "user": 1, "content_type": 2, "object_id": "1", "object_repr": "Home", "action_flag": 2, "change_message": ""}}, {"model": "admin.logentry", "pk": 8, "fields": {"action_time": "2021-06-16T08:49:46.509Z", "user": 1, "content_type": 37, "object_id": "16", "object_repr": "16", "action_flag": 3, "change_message": ""}}, {"model": "admin.logentry", "pk": 9, "fields": {"action_time": "2021-06-16T08:52:45.576Z", "user": 1, "content_type": 56, "object_id": "23", "object_repr": "23", "action_flag": 3, "change_message": ""}}, {"model": "admin.logentry", "pk": 10, "fields": {"action_time": "2021-06-16T09:42:21.318Z", "user": 1, "content_type": 35, "object_id": "25", "object_repr": "25", "action_flag": 3, "change_message": ""}}, {"model": "admin.logentry", "pk": 11, "fields": {"action_time": "2021-06-16T09:46:10.046Z", "user": 1, "content_type": 2, "object_id": "1", "object_repr": "Home", "action_flag": 2, "change_message": ""}}, {"model": "admin.logentry", "pk": 12, "fields": {"action_time": "2021-06-18T05:11:46.940Z", "user": 1, "content_type": 2, "object_id": "3", "object_repr": "About", "action_flag": 2, "change_message": "[{\"changed\": {\"fields\": [\"Template\", \"X Frame Options\"]}}]"}}, {"model": "admin.logentry", "pk": 13, "fields": {"action_time": "2021-06-18T05:11:56.662Z", "user": 1, "content_type": 2, "object_id": "3", "object_repr": "About", "action_flag": 2, "change_message": ""}}, {"model": "admin.logentry", "pk": 14, "fields": {"action_time": "2021-06-18T05:15:20.013Z", "user": 1, "content_type": 2, "object_id": "1", "object_repr": "Home", "action_flag": 2, "change_message": ""}}, {"model": "admin.logentry", "pk": 15, "fields": {"action_time": "2021-06-18T05:30:00.056Z", "user": 1, "content_type": 35, "object_id": "50", "object_repr": "50", "action_flag": 3, "change_message": ""}}, {"model": "admin.logentry", "pk": 16, "fields": {"action_time": "2021-06-18T10:37:05.044Z", "user": 1, "content_type": 2, "object_id": "1", "object_repr": "Home", "action_flag": 2, "change_message": ""}}, {"model": "admin.logentry", "pk": 17, "fields": {"action_time": "2021-06-18T10:45:26.599Z", "user": 1, "content_type": 35, "object_id": "53", "object_repr": "53", "action_flag": 3, "change_message": ""}}, {"model": "admin.logentry", "pk": 18, "fields": {"action_time": "2021-06-18T10:45:55.074Z", "user": 1, "content_type": 2, "object_id": "1", "object_repr": "Home", "action_flag": 2, "change_message": ""}}, {"model": "admin.logentry", "pk": 19, "fields": {"action_time": "2021-06-21T05:46:53.134Z", "user": 1, "content_type": 2, "object_id": "5", "object_repr": "RTI", "action_flag": 1, "change_message": "[{\"added\": {}}]"}}, {"model": "admin.logentry", "pk": 20, "fields": {"action_time": "2021-06-21T05:47:44.032Z", "user": 1, "content_type": 2, "object_id": "5", "object_repr": "RTI", "action_flag": 2, "change_message": "[{\"changed\": {\"fields\": [\"Template\", \"X Frame Options\"]}}]"}}, {"model": "admin.logentry", "pk": 21, "fields": {"action_time": "2021-06-21T05:48:01.276Z", "user": 1, "content_type": 2, "object_id": "5", "object_repr": "RTI", "action_flag": 2, "change_message": ""}}, {"model": "admin.logentry", "pk": 22, "fields": {"action_time": "2021-06-21T06:02:44.989Z", "user": 1, "content_type": 56, "object_id": "84", "object_repr": "84", "action_flag": 3, "change_message": ""}}, {"model": "admin.logentry", "pk": 23, "fields": {"action_time": "2021-06-21T06:02:48.684Z", "user": 1, "content_type": 2, "object_id": "1", "object_repr": "Home", "action_flag": 2, "change_message": ""}}, {"model": "admin.logentry", "pk": 24, "fields": {"action_time": "2021-06-21T06:27:16.006Z", "user": 1, "content_type": 51, "object_id": "98", "object_repr": "98", "action_flag": 3, "change_message": ""}}, {"model": "admin.logentry", "pk": 25, "fields": {"action_time": "2021-06-21T06:27:22.249Z", "user": 1, "content_type": 2, "object_id": "3", "object_repr": "About", "action_flag": 2, "change_message": ""}}, {"model": "admin.logentry", "pk": 26, "fields": {"action_time": "2021-06-21T10:15:51.170Z", "user": 1, "content_type": 2, "object_id": "1", "object_repr": "Home", "action_flag": 2, "change_message": "[{\"changed\": {\"fields\": [\"Description meta tag\"]}}]"}}, {"model": "admin.logentry", "pk": 27, "fields": {"action_time": "2021-06-21T10:16:43.948Z", "user": 1, "content_type": 2, "object_id": "1", "object_repr": "Home", "action_flag": 2, "change_message": "The en page \"Home\" was successfully unpublished"}}, {"model": "admin.logentry", "pk": 28, "fields": {"action_time": "2021-06-21T10:20:26.679Z", "user": 1, "content_type": 2, "object_id": "1", "object_repr": "Home", "action_flag": 2, "change_message": ""}}, {"model": "admin.logentry", "pk": 29, "fields": {"action_time": "2021-06-21T10:48:38.005Z", "user": 1, "content_type": 2, "object_id": "3", "object_repr": "About", "action_flag": 2, "change_message": "[{\"changed\": {\"fields\": [\"Description meta tag\"]}}]"}}, {"model": "admin.logentry", "pk": 30, "fields": {"action_time": "2021-06-21T10:48:43.702Z", "user": 1, "content_type": 2, "object_id": "3", "object_repr": "About", "action_flag": 2, "change_message": ""}}, {"model": "admin.logentry", "pk": 31, "fields": {"action_time": "2021-06-21T11:54:11.220Z", "user": 1, "content_type": 51, "object_id": "121", "object_repr": "121", "action_flag": 3, "change_message": ""}}, {"model": "admin.logentry", "pk": 32, "fields": {"action_time": "2021-06-21T12:00:29.719Z", "user": 1, "content_type": 41, "object_id": "118", "object_repr": "118", "action_flag": 3, "change_message": ""}}, {"model": "admin.logentry", "pk": 33, "fields": {"action_time": "2021-06-21T12:09:20.582Z", "user": 1, "content_type": 57, "object_id": "126", "object_repr": "126", "action_flag": 3, "change_message": ""}}, {"model": "admin.logentry", "pk": 34, "fields": {"action_time": "2021-06-21T12:09:23.172Z", "user": 1, "content_type": 2, "object_id": "3", "object_repr": "About", "action_flag": 2, "change_message": ""}}, {"model": "admin.logentry", "pk": 35, "fields": {"action_time": "2021-06-21T12:16:25.583Z", "user": 1, "content_type": 24, "object_id": "136", "object_repr": "News &amp; Events", "action_flag": 3, "change_message": ""}}, {"model": "admin.logentry", "pk": 36, "fields": {"action_time": "2021-06-21T12:16:34.285Z", "user": 1, "content_type": 35, "object_id": "135", "object_repr": "135", "action_flag": 3, "change_message": ""}}, {"model": "admin.logentry", "pk": 37, "fields": {"action_time": "2021-06-21T12:16:48.361Z", "user": 1, "content_type": 24, "object_id": "141", "object_repr": "The Department of...", "action_flag": 3, "change_message": ""}}, {"model": "admin.logentry", "pk": 38, "fields": {"action_time": "2021-06-21T12:23:23.338Z", "user": 1, "content_type": 2, "object_id": "1", "object_repr": "Home", "action_flag": 2, "change_message": ""}}, {"model": "admin.logentry", "pk": 39, "fields": {"action_time": "2021-06-22T05:55:17.926Z", "user": 1, "content_type": 2, "object_id": "7", "object_repr": "Notice", "action_flag": 1, "change_message": "[{\"added\": {}}]"}}, {"model": "admin.logentry", "pk": 40, "fields": {"action_time": "2021-06-22T05:55:40.474Z", "user": 1, "content_type": 2, "object_id": "7", "object_repr": "Notice", "action_flag": 2, "change_message": "[{\"changed\": {\"fields\": [\"Template\", \"X Frame Options\"]}}]"}}, {"model": "admin.logentry", "pk": 41, "fields": {"action_time": "2021-06-22T05:56:15.425Z", "user": 1, "content_type": 2, "object_id": "8", "object_repr": "Abou1", "action_flag": 1, "change_message": "[{\"added\": {}}]"}}, {"model": "admin.logentry", "pk": 42, "fields": {"action_time": "2021-06-22T05:58:17.436Z", "user": 1, "content_type": 2, "object_id": "8", "object_repr": "Abou1", "action_flag": 2, "change_message": ""}}, {"model": "admin.logentry", "pk": 43, "fields": {"action_time": "2021-06-29T06:20:03.518Z", "user": 1, "content_type": 2, "object_id": "1", "object_repr": "Home", "action_flag": 2, "change_message": "[{\"changed\": {\"fields\": [\"X Frame Options\"]}}]"}}, {"model": "admin.logentry", "pk": 44, "fields": {"action_time": "2021-06-29T06:20:31.743Z", "user": 1, "content_type": 2, "object_id": "1", "object_repr": "Home", "action_flag": 2, "change_message": "[{\"changed\": {\"fields\": [\"Template\", \"X Frame Options\"]}}]"}}, {"model": "admin.logentry", "pk": 45, "fields": {"action_time": "2021-06-29T06:20:42.321Z", "user": 1, "content_type": 2, "object_id": "1", "object_repr": "Home", "action_flag": 2, "change_message": "[{\"changed\": {\"fields\": [\"X Frame Options\"]}}]"}}, {"model": "admin.logentry", "pk": 46, "fields": {"action_time": "2021-06-29T06:21:44.777Z", "user": 1, "content_type": 2, "object_id": "1", "object_repr": "Home", "action_flag": 2, "change_message": "[{\"changed\": {\"fields\": [\"X Frame Options\"]}}]"}}, {"model": "admin.logentry", "pk": 47, "fields": {"action_time": "2021-06-29T06:22:37.175Z", "user": 1, "content_type": 35, "object_id": "51", "object_repr": "51", "action_flag": 3, "change_message": ""}}, {"model": "admin.logentry", "pk": 48, "fields": {"action_time": "2021-06-29T06:22:46.479Z", "user": 1, "content_type": 35, "object_id": "140", "object_repr": "140", "action_flag": 3, "change_message": ""}}, {"model": "admin.logentry", "pk": 49, "fields": {"action_time": "2021-06-29T06:29:31.134Z", "user": 1, "content_type": 2, "object_id": "1", "object_repr": "Home", "action_flag": 2, "change_message": ""}}, {"model": "admin.logentry", "pk": 50, "fields": {"action_time": "2021-06-29T06:50:19.401Z", "user": 1, "content_type": 35, "object_id": "224", "object_repr": "224", "action_flag": 3, "change_message": ""}}, {"model": "admin.logentry", "pk": 51, "fields": {"action_time": "2021-06-29T06:51:33.506Z", "user": 1, "content_type": 35, "object_id": "227", "object_repr": "227", "action_flag": 3, "change_message": ""}}, {"model": "admin.logentry", "pk": 52, "fields": {"action_time": "2021-06-29T06:55:17.055Z", "user": 1, "content_type": 49, "object_id": "222", "object_repr": "222", "action_flag": 3, "change_message": ""}}, {"model": "admin.logentry", "pk": 53, "fields": {"action_time": "2021-06-29T06:57:21.286Z", "user": 1, "content_type": 35, "object_id": "194", "object_repr": "194", "action_flag": 3, "change_message": ""}}, {"model": "admin.logentry", "pk": 54, "fields": {"action_time": "2021-06-29T06:58:42.679Z", "user": 1, "content_type": 2, "object_id": "1", "object_repr": "Home", "action_flag": 2, "change_message": ""}}, {"model": "admin.logentry", "pk": 55, "fields": {"action_time": "2021-06-29T07:27:02.861Z", "user": 1, "content_type": 2, "object_id": "1", "object_repr": "Home", "action_flag": 2, "change_message": ""}}, {"model": "admin.logentry", "pk": 56, "fields": {"action_time": "2021-06-29T07:29:00.536Z", "user": 1, "content_type": 2, "object_id": "1", "object_repr": "Home", "action_flag": 2, "change_message": ""}}, {"model": "admin.logentry", "pk": 57, "fields": {"action_time": "2021-06-29T07:45:20.486Z", "user": 1, "content_type": 2, "object_id": "1", "object_repr": "Home", "action_flag": 2, "change_message": ""}}, {"model": "admin.logentry", "pk": 58, "fields": {"action_time": "2021-06-29T07:48:14.447Z", "user": 1, "content_type": 2, "object_id": "1", "object_repr": "Home", "action_flag": 2, "change_message": ""}}, {"model": "admin.logentry", "pk": 59, "fields": {"action_time": "2021-06-29T07:49:31.353Z", "user": 1, "content_type": 2, "object_id": "1", "object_repr": "Home", "action_flag": 2, "change_message": ""}}, {"model": "admin.logentry", "pk": 60, "fields": {"action_time": "2021-06-29T08:33:27.923Z", "user": 1, "content_type": 2, "object_id": "1", "object_repr": "Home", "action_flag": 2, "change_message": ""}}, {"model": "admin.logentry", "pk": 61, "fields": {"action_time": "2021-06-29T09:12:41.050Z", "user": 1, "content_type": 35, "object_id": "382", "object_repr": "382", "action_flag": 3, "change_message": ""}}, {"model": "admin.logentry", "pk": 62, "fields": {"action_time": "2021-06-29T09:12:46.452Z", "user": 1, "content_type": 2, "object_id": "1", "object_repr": "Home", "action_flag": 2, "change_message": ""}}, {"model": "admin.logentry", "pk": 63, "fields": {"action_time": "2021-06-29T09:16:32.266Z", "user": 1, "content_type": 2, "object_id": "1", "object_repr": "Home", "action_flag": 2, "change_message": ""}}, {"model": "admin.logentry", "pk": 64, "fields": {"action_time": "2021-06-29T09:17:57.362Z", "user": 1, "content_type": 35, "object_id": "669", "object_repr": "669", "action_flag": 3, "change_message": ""}}, {"model": "admin.logentry", "pk": 65, "fields": {"action_time": "2021-06-29T09:18:08.492Z", "user": 1, "content_type": 2, "object_id": "1", "object_repr": "Home", "action_flag": 2, "change_message": ""}}, {"model": "admin.logentry", "pk": 66, "fields": {"action_time": "2021-06-29T09:39:59.269Z", "user": 1, "content_type": 2, "object_id": "1", "object_repr": "Home", "action_flag": 2, "change_message": ""}}, {"model": "admin.logentry", "pk": 67, "fields": {"action_time": "2021-06-29T09:59:46.730Z", "user": 1, "content_type": 2, "object_id": "1", "object_repr": "Home", "action_flag": 2, "change_message": ""}}, {"model": "admin.logentry", "pk": 68, "fields": {"action_time": "2021-06-29T10:59:21.222Z", "user": 1, "content_type": 2, "object_id": "1", "object_repr": "Home", "action_flag": 2, "change_message": ""}}, {"model": "admin.logentry", "pk": 69, "fields": {"action_time": "2021-06-29T11:00:54.715Z", "user": 1, "content_type": 2, "object_id": "1", "object_repr": "Home", "action_flag": 2, "change_message": ""}}, {"model": "admin.logentry", "pk": 70, "fields": {"action_time": "2021-06-30T06:11:40.857Z", "user": 1, "content_type": 35, "object_id": "82", "object_repr": "82", "action_flag": 3, "change_message": ""}}, {"model": "admin.logentry", "pk": 71, "fields": {"action_time": "2021-06-30T06:18:24.097Z", "user": 1, "content_type": 2, "object_id": "3", "object_repr": "About", "action_flag": 2, "change_message": ""}}, {"model": "admin.logentry", "pk": 72, "fields": {"action_time": "2021-06-30T06:21:05.014Z", "user": 1, "content_type": 2, "object_id": "3", "object_repr": "About", "action_flag": 2, "change_message": ""}}, {"model": "admin.logentry", "pk": 73, "fields": {"action_time": "2021-06-30T06:52:56.244Z", "user": 1, "content_type": 2, "object_id": "3", "object_repr": "About", "action_flag": 2, "change_message": ""}}, {"model": "admin.logentry", "pk": 74, "fields": {"action_time": "2021-06-30T06:58:56.722Z", "user": 1, "content_type": 2, "object_id": "3", "object_repr": "About", "action_flag": 2, "change_message": ""}}, {"model": "admin.logentry", "pk": 75, "fields": {"action_time": "2021-06-30T07:01:33.089Z", "user": 1, "content_type": 2, "object_id": "5", "object_repr": "RTI", "action_flag": 2, "change_message": ""}}, {"model": "admin.logentry", "pk": 76, "fields": {"action_time": "2021-06-30T07:04:33.760Z", "user": 1, "content_type": 2, "object_id": "8", "object_repr": "Abou1", "action_flag": 3, "change_message": ""}}, {"model": "admin.logentry", "pk": 77, "fields": {"action_time": "2021-06-30T07:05:12.108Z", "user": 1, "content_type": 2, "object_id": "5", "object_repr": "Schems", "action_flag": 2, "change_message": "[{\"changed\": {\"fields\": [\"Title\", \"Slug\"]}}]"}}, {"model": "admin.logentry", "pk": 78, "fields": {"action_time": "2021-06-30T07:05:20.152Z", "user": 1, "content_type": 2, "object_id": "5", "object_repr": "Schems", "action_flag": 2, "change_message": ""}}, {"model": "admin.logentry", "pk": 79, "fields": {"action_time": "2021-06-30T07:05:34.093Z", "user": 1, "content_type": 2, "object_id": "7", "object_repr": "General Information", "action_flag": 2, "change_message": "[{\"changed\": {\"fields\": [\"Title\", \"Slug\"]}}]"}}, {"model": "admin.logentry", "pk": 80, "fields": {"action_time": "2021-06-30T07:05:40.052Z", "user": 1, "content_type": 2, "object_id": "7", "object_repr": "General Information", "action_flag": 2, "change_message": ""}}, {"model": "admin.logentry", "pk": 81, "fields": {"action_time": "2021-06-30T07:06:08.673Z", "user": 1, "content_type": 2, "object_id": "5", "object_repr": "Schemes", "action_flag": 2, "change_message": "[{\"changed\": {\"fields\": [\"Title\"]}}]"}}, {"model": "admin.logentry", "pk": 82, "fields": {"action_time": "2021-06-30T07:06:13.564Z", "user": 1, "content_type": 2, "object_id": "5", "object_repr": "Schemes", "action_flag": 2, "change_message": ""}}, {"model": "admin.logentry", "pk": 83, "fields": {"action_time": "2021-06-30T07:06:54.154Z", "user": 1, "content_type": 2, "object_id": "11", "object_repr": "Report & Publication", "action_flag": 1, "change_message": "[{\"added\": {}}]"}}, {"model": "admin.logentry", "pk": 84, "fields": {"action_time": "2021-06-30T07:07:05.189Z", "user": 1, "content_type": 2, "object_id": "11", "object_repr": "Report & Publication", "action_flag": 2, "change_message": "[{\"changed\": {\"fields\": [\"Template\", \"X Frame Options\"]}}]"}}, {"model": "admin.logentry", "pk": 85, "fields": {"action_time": "2021-06-30T07:07:14.208Z", "user": 1, "content_type": 2, "object_id": "7", "object_repr": "General Information", "action_flag": 2, "change_message": "[{\"changed\": {\"fields\": [\"X Frame Options\"]}}]"}}, {"model": "admin.logentry", "pk": 86, "fields": {"action_time": "2021-06-30T07:07:36.054Z", "user": 1, "content_type": 2, "object_id": "12", "object_repr": "Contact Us", "action_flag": 1, "change_message": "[{\"added\": {}}]"}}, {"model": "admin.logentry", "pk": 87, "fields": {"action_time": "2021-06-30T07:07:41.428Z", "user": 1, "content_type": 2, "object_id": "12", "object_repr": "Contact Us", "action_flag": 2, "change_message": ""}}, {"model": "admin.logentry", "pk": 88, "fields": {"action_time": "2021-06-30T07:07:48.762Z", "user": 1, "content_type": 2, "object_id": "11", "object_repr": "Report & Publication", "action_flag": 2, "change_message": ""}}, {"model": "admin.logentry", "pk": 89, "fields": {"action_time": "2021-06-30T07:08:04.446Z", "user": 1, "content_type": 2, "object_id": "12", "object_repr": "Contact Us", "action_flag": 2, "change_message": "[{\"changed\": {\"fields\": [\"Template\", \"X Frame Options\"]}}]"}}, {"model": "admin.logentry", "pk": 90, "fields": {"action_time": "2021-06-30T07:08:13.862Z", "user": 1, "content_type": 2, "object_id": "7", "object_repr": "General Information", "action_flag": 2, "change_message": ""}}, {"model": "admin.logentry", "pk": 91, "fields": {"action_time": "2021-06-30T07:08:22.870Z", "user": 1, "content_type": 2, "object_id": "12", "object_repr": "Contact Us", "action_flag": 2, "change_message": ""}}, {"model": "admin.logentry", "pk": 92, "fields": {"action_time": "2021-06-30T07:09:17.826Z", "user": 1, "content_type": 49, "object_id": "176", "object_repr": "176", "action_flag": 3, "change_message": ""}}, {"model": "admin.logentry", "pk": 93, "fields": {"action_time": "2021-06-30T08:02:11.754Z", "user": 1, "content_type": 56, "object_id": "992", "object_repr": "992", "action_flag": 3, "change_message": ""}}, {"model": "admin.logentry", "pk": 94, "fields": {"action_time": "2021-06-30T08:08:33.741Z", "user": 1, "content_type": 2, "object_id": "7", "object_repr": "General Information", "action_flag": 2, "change_message": ""}}, {"model": "admin.logentry", "pk": 95, "fields": {"action_time": "2021-06-30T08:13:35.034Z", "user": 1, "content_type": 2, "object_id": "11", "object_repr": "Report & Publication", "action_flag": 2, "change_message": ""}}, {"model": "admin.logentry", "pk": 96, "fields": {"action_time": "2021-06-30T08:14:16.348Z", "user": 1, "content_type": 2, "object_id": "11", "object_repr": "Report & Publication", "action_flag": 2, "change_message": ""}}, {"model": "admin.logentry", "pk": 97, "fields": {"action_time": "2021-06-30T08:16:36.824Z", "user": 1, "content_type": 2, "object_id": "12", "object_repr": "Contact Us", "action_flag": 2, "change_message": ""}}, {"model": "admin.logentry", "pk": 98, "fields": {"action_time": "2021-06-30T08:30:06.154Z", "user": 1, "content_type": 2, "object_id": "1", "object_repr": "Home", "action_flag": 2, "change_message": ""}}, {"model": "admin.logentry", "pk": 99, "fields": {"action_time": "2021-06-30T08:44:02.115Z", "user": 1, "content_type": 2, "object_id": "1", "object_repr": "Home", "action_flag": 2, "change_message": ""}}, {"model": "admin.logentry", "pk": 100, "fields": {"action_time": "2021-06-30T08:57:09.864Z", "user": 1, "content_type": 2, "object_id": "1", "object_repr": "Home", "action_flag": 2, "change_message": ""}}, {"model": "admin.logentry", "pk": 101, "fields": {"action_time": "2021-06-30T10:51:26.278Z", "user": 1, "content_type": 2, "object_id": "15", "object_repr": "otherlink", "action_flag": 1, "change_message": "[{\"added\": {}}]"}}, {"model": "admin.logentry", "pk": 102, "fields": {"action_time": "2021-06-30T10:51:50.262Z", "user": 1, "content_type": 2, "object_id": "15", "object_repr": "otherlink", "action_flag": 2, "change_message": "[{\"changed\": {\"fields\": [\"Template\", \"X Frame Options\"]}}]"}}, {"model": "admin.logentry", "pk": 103, "fields": {"action_time": "2021-06-30T10:53:36.034Z", "user": 1, "content_type": 2, "object_id": "15", "object_repr": "otherlink", "action_flag": 2, "change_message": ""}}, {"model": "admin.logentry", "pk": 104, "fields": {"action_time": "2021-06-30T11:03:47.431Z", "user": 1, "content_type": 2, "object_id": "15", "object_repr": "otherlink", "action_flag": 2, "change_message": ""}}, {"model": "admin.logentry", "pk": 105, "fields": {"action_time": "2021-06-30T11:04:34.041Z", "user": 1, "content_type": 2, "object_id": "17", "object_repr": "screen reader", "action_flag": 1, "change_message": "[{\"added\": {}}]"}}, {"model": "admin.logentry", "pk": 106, "fields": {"action_time": "2021-06-30T11:04:44.262Z", "user": 1, "content_type": 2, "object_id": "17", "object_repr": "screen reader", "action_flag": 2, "change_message": "[{\"changed\": {\"fields\": [\"Template\", \"X Frame Options\"]}}]"}}, {"model": "admin.logentry", "pk": 107, "fields": {"action_time": "2021-06-30T11:05:57.495Z", "user": 1, "content_type": 2, "object_id": "17", "object_repr": "screen reader", "action_flag": 2, "change_message": ""}}, {"model": "admin.logentry", "pk": 108, "fields": {"action_time": "2021-06-30T11:06:37.177Z", "user": 1, "content_type": 2, "object_id": "17", "object_repr": "screen reader", "action_flag": 2, "change_message": ""}}, {"model": "admin.logentry", "pk": 109, "fields": {"action_time": "2021-06-30T11:06:44.100Z", "user": 1, "content_type": 2, "object_id": "12", "object_repr": "Contact Us", "action_flag": 2, "change_message": ""}}, {"model": "admin.logentry", "pk": 110, "fields": {"action_time": "2021-06-30T11:06:48.005Z", "user": 1, "content_type": 2, "object_id": "7", "object_repr": "General Information", "action_flag": 2, "change_message": ""}}, {"model": "admin.logentry", "pk": 111, "fields": {"action_time": "2021-06-30T11:07:41.338Z", "user": 1, "content_type": 2, "object_id": "12", "object_repr": "Contact Us", "action_flag": 2, "change_message": ""}}, {"model": "admin.logentry", "pk": 112, "fields": {"action_time": "2021-06-30T11:08:11.974Z", "user": 1, "content_type": 2, "object_id": "7", "object_repr": "General Information", "action_flag": 2, "change_message": ""}}, {"model": "admin.logentry", "pk": 113, "fields": {"action_time": "2021-07-01T09:27:18.389Z", "user": 1, "content_type": 24, "object_id": "186", "object_repr": "Proposal for amendment...", "action_flag": 3, "change_message": ""}}, {"model": "admin.logentry", "pk": 114, "fields": {"action_time": "2021-07-01T09:37:15.832Z", "user": 1, "content_type": 2, "object_id": "19", "object_repr": "News Files", "action_flag": 1, "change_message": "[{\"added\": {}}]"}}, {"model": "admin.logentry", "pk": 115, "fields": {"action_time": "2021-07-01T09:37:42.151Z", "user": 1, "content_type": 2, "object_id": "19", "object_repr": "News Files", "action_flag": 2, "change_message": "[{\"changed\": {\"fields\": [\"Template\", \"X Frame Options\"]}}]"}}, {"model": "admin.logentry", "pk": 116, "fields": {"action_time": "2021-07-01T09:42:53.268Z", "user": 1, "content_type": 60, "object_id": "1210", "object_repr": "Tender Documents for procurement of Coconut Seednuts.pdf", "action_flag": 3, "change_message": ""}}, {"model": "admin.logentry", "pk": 117, "fields": {"action_time": "2021-07-01T09:42:58.331Z", "user": 1, "content_type": 60, "object_id": "1212", "object_repr": "Tender Documents for procurement of Coconut Seednuts.pdf", "action_flag": 3, "change_message": ""}}, {"model": "admin.logentry", "pk": 118, "fields": {"action_time": "2021-07-01T14:35:20.198Z", "user": 1, "content_type": 2, "object_id": "3", "object_repr": "About", "action_flag": 2, "change_message": "The en page \"About\" was successfully unpublished"}}, {"model": "admin.logentry", "pk": 119, "fields": {"action_time": "2021-07-02T04:05:58.750Z", "user": 1, "content_type": 27, "object_id": "15", "object_repr": "Tender Documents for procurement of Coconut Seednuts.pdf", "action_flag": 3, "change_message": ""}}, {"model": "admin.logentry", "pk": 120, "fields": {"action_time": "2021-07-02T04:22:37.794Z", "user": 1, "content_type": 60, "object_id": "1215", "object_repr": "1215", "action_flag": 3, "change_message": ""}}, {"model": "admin.logentry", "pk": 121, "fields": {"action_time": "2021-07-02T04:26:53.573Z", "user": 1, "content_type": 60, "object_id": "1216", "object_repr": "ApplicationFormat.doc", "action_flag": 3, "change_message": ""}}, {"model": "admin.logentry", "pk": 122, "fields": {"action_time": "2021-07-02T07:10:50.190Z", "user": 1, "content_type": 2, "object_id": "1", "object_repr": "Home", "action_flag": 2, "change_message": ""}}, {"model": "admin.logentry", "pk": 123, "fields": {"action_time": "2021-07-02T07:13:17.939Z", "user": 1, "content_type": 24, "object_id": "987", "object_repr": "Proposal for amendment...", "action_flag": 3, "change_message": ""}}, {"model": "admin.logentry", "pk": 124, "fields": {"action_time": "2021-07-02T07:13:23.991Z", "user": 1, "content_type": 2, "object_id": "7", "object_repr": "General Information", "action_flag": 2, "change_message": ""}}, {"model": "admin.logentry", "pk": 125, "fields": {"action_time": "2021-09-30T06:40:24.574Z", "user": 1, "content_type": 39, "object_id": "1024", "object_repr": "1024", "action_flag": 3, "change_message": ""}}, {"model": "admin.logentry", "pk": 126, "fields": {"action_time": "2021-09-30T06:40:50.801Z", "user": 1, "content_type": 49, "object_id": "189", "object_repr": "189", "action_flag": 3, "change_message": ""}}, {"model": "admin.logentry", "pk": 127, "fields": {"action_time": "2021-09-30T06:45:17.187Z", "user": 1, "content_type": 2, "object_id": "1", "object_repr": "Home", "action_flag": 2, "change_message": ""}}, {"model": "admin.logentry", "pk": 128, "fields": {"action_time": "2021-09-30T06:47:00.752Z", "user": 1, "content_type": 49, "object_id": "271", "object_repr": "271", "action_flag": 3, "change_message": ""}}, {"model": "admin.logentry", "pk": 129, "fields": {"action_time": "2021-09-30T06:48:48.295Z", "user": 1, "content_type": 2, "object_id": "1", "object_repr": "Home", "action_flag": 2, "change_message": ""}}, {"model": "admin.logentry", "pk": 130, "fields": {"action_time": "2021-09-30T06:50:49.830Z", "user": 1, "content_type": 24, "object_id": "1213", "object_repr": "Tender Notice for...", "action_flag": 3, "change_message": ""}}, {"model": "admin.logentry", "pk": 131, "fields": {"action_time": "2021-09-30T06:50:55.603Z", "user": 1, "content_type": 2, "object_id": "1", "object_repr": "Home", "action_flag": 2, "change_message": ""}}, {"model": "admin.logentry", "pk": 132, "fields": {"action_time": "2021-09-30T06:53:51.619Z", "user": 1, "content_type": 2, "object_id": "3", "object_repr": "About", "action_flag": 2, "change_message": ""}}, {"model": "admin.logentry", "pk": 133, "fields": {"action_time": "2021-09-30T06:55:55.923Z", "user": 1, "content_type": 2, "object_id": "3", "object_repr": "About", "action_flag": 2, "change_message": ""}}, {"model": "admin.logentry", "pk": 134, "fields": {"action_time": "2021-09-30T06:56:55.044Z", "user": 1, "content_type": 2, "object_id": "3", "object_repr": "About", "action_flag": 2, "change_message": ""}}, {"model": "admin.logentry", "pk": 135, "fields": {"action_time": "2021-09-30T06:57:10.826Z", "user": 1, "content_type": 2, "object_id": "3", "object_repr": "About", "action_flag": 2, "change_message": ""}}, {"model": "admin.logentry", "pk": 136, "fields": {"action_time": "2021-09-30T07:00:45.684Z", "user": 1, "content_type": 30, "object_id": "1", "object_repr": "Basanta-Barnan.jpg", "action_flag": 3, "change_message": ""}}, {"model": "admin.logentry", "pk": 137, "fields": {"action_time": "2021-09-30T07:00:50.409Z", "user": 1, "content_type": 30, "object_id": "2", "object_repr": "Manipuri-Classical-Dance.jpg", "action_flag": 3, "change_message": ""}}, {"model": "admin.logentry", "pk": 138, "fields": {"action_time": "2021-09-30T07:00:53.265Z", "user": 1, "content_type": 30, "object_id": "3", "object_repr": "Anro-Lere.jpg", "action_flag": 3, "change_message": ""}}, {"model": "admin.logentry", "pk": 139, "fields": {"action_time": "2021-09-30T07:00:54.150Z", "user": 1, "content_type": 30, "object_id": "4", "object_repr": "CM-biren.jpg", "action_flag": 3, "change_message": ""}}, {"model": "admin.logentry", "pk": 140, "fields": {"action_time": "2021-09-30T07:00:55.698Z", "user": 1, "content_type": 30, "object_id": "5", "object_repr": "pp_pineapple.png", "action_flag": 3, "change_message": ""}}, {"model": "admin.logentry", "pk": 141, "fields": {"action_time": "2021-09-30T07:00:57.177Z", "user": 1, "content_type": 30, "object_id": "6", "object_repr": "MIDHlogo2.jpg", "action_flag": 3, "change_message": ""}}, {"model": "admin.logentry", "pk": 142, "fields": {"action_time": "2021-09-30T07:00:59.195Z", "user": 1, "content_type": 30, "object_id": "7", "object_repr": "chart1.gif", "action_flag": 3, "change_message": ""}}, {"model": "admin.logentry", "pk": 143, "fields": {"action_time": "2021-09-30T07:01:01.345Z", "user": 1, "content_type": 27, "object_id": "8", "object_repr": "soil_resource_map.pdf", "action_flag": 3, "change_message": ""}}, {"model": "admin.logentry", "pk": 144, "fields": {"action_time": "2021-09-30T07:01:01.987Z", "user": 1, "content_type": 27, "object_id": "9", "object_repr": "annualreport.pdf", "action_flag": 3, "change_message": ""}}, {"model": "admin.logentry", "pk": 145, "fields": {"action_time": "2021-09-30T07:01:02.884Z", "user": 1, "content_type": 27, "object_id": "10", "object_repr": "Final_Copy_TM.pdf", "action_flag": 3, "change_message": ""}}, {"model": "admin.logentry", "pk": 146, "fields": {"action_time": "2021-09-30T07:01:03.571Z", "user": 1, "content_type": 30, "object_id": "11", "object_repr": "slide2.jpg", "action_flag": 3, "change_message": ""}}, {"model": "admin.logentry", "pk": 147, "fields": {"action_time": "2021-09-30T07:01:06.159Z", "user": 1, "content_type": 30, "object_id": "12", "object_repr": "slide3.jpg", "action_flag": 3, "change_message": ""}}, {"model": "admin.logentry", "pk": 148, "fields": {"action_time": "2021-09-30T07:01:07.533Z", "user": 1, "content_type": 30, "object_id": "13", "object_repr": "slide1.jpg", "action_flag": 3, "change_message": ""}}, {"model": "admin.logentry", "pk": 149, "fields": {"action_time": "2021-09-30T07:01:09.307Z", "user": 1, "content_type": 30, "object_id": "14", "object_repr": "slide.jpg", "action_flag": 3, "change_message": ""}}, {"model": "admin.logentry", "pk": 150, "fields": {"action_time": "2021-09-30T07:01:11.639Z", "user": 1, "content_type": 27, "object_id": "16", "object_repr": "Tender Documents for procurement of Coconut Seednuts.pdf", "action_flag": 3, "change_message": ""}}, {"model": "admin.logentry", "pk": 151, "fields": {"action_time": "2021-09-30T07:01:12.135Z", "user": 1, "content_type": 27, "object_id": "17", "object_repr": "ApplicationFormat.doc", "action_flag": 3, "change_message": ""}}, {"model": "admin.logentry", "pk": 152, "fields": {"action_time": "2021-09-30T07:01:12.653Z", "user": 1, "content_type": 27, "object_id": "18", "object_repr": "List of Empanelled Firms.pdf", "action_flag": 3, "change_message": ""}}, {"model": "admin.logentry", "pk": 153, "fields": {"action_time": "2021-09-30T07:01:14.185Z", "user": 1, "content_type": 27, "object_id": "19", "object_repr": "Tender Notice procurement of Coconut Seednuts.pdf", "action_flag": 3, "change_message": ""}}, {"model": "admin.logentry", "pk": 154, "fields": {"action_time": "2021-09-30T07:01:14.850Z", "user": 1, "content_type": 27, "object_id": "20", "object_repr": "List of Empanelled Firms.pdf", "action_flag": 3, "change_message": ""}}, {"model": "admin.logentry", "pk": 155, "fields": {"action_time": "2021-09-30T07:01:15.266Z", "user": 1, "content_type": 27, "object_id": "21", "object_repr": "List of Items and Technical Specifications.pdf", "action_flag": 3, "change_message": ""}}, {"model": "admin.logentry", "pk": 156, "fields": {"action_time": "2021-09-30T07:01:15.775Z", "user": 1, "content_type": 27, "object_id": "22", "object_repr": "Terms and Conditions.pdf", "action_flag": 3, "change_message": ""}}, {"model": "admin.logentry", "pk": 157, "fields": {"action_time": "2021-09-30T07:01:16.447Z", "user": 1, "content_type": 27, "object_id": "23", "object_repr": "new transfer order.pdf", "action_flag": 3, "change_message": ""}}, {"model": "admin.logentry", "pk": 158, "fields": {"action_time": "2021-09-30T07:01:17.599Z", "user": 1, "content_type": 27, "object_id": "24", "object_repr": "seminar_banana.pdf", "action_flag": 3, "change_message": ""}}, {"model": "admin.logentry", "pk": 159, "fields": {"action_time": "2021-09-30T07:01:18.201Z", "user": 1, "content_type": 27, "object_id": "25", "object_repr": "kachi_lemon.pdf", "action_flag": 3, "change_message": ""}}, {"model": "admin.logentry", "pk": 160, "fields": {"action_time": "2021-09-30T07:01:18.809Z", "user": 1, "content_type": 27, "object_id": "26", "object_repr": "horti_expo.pdf", "action_flag": 3, "change_message": ""}}, {"model": "admin.logentry", "pk": 161, "fields": {"action_time": "2021-09-30T07:01:19.396Z", "user": 1, "content_type": 28, "object_id": "1", "object_repr": "photo", "action_flag": 3, "change_message": ""}}, {"model": "admin.logentry", "pk": 162, "fields": {"action_time": "2021-09-30T07:04:51.498Z", "user": 1, "content_type": 58, "object_id": "894", "object_repr": "894", "action_flag": 3, "change_message": ""}}, {"model": "admin.logentry", "pk": 163, "fields": {"action_time": "2021-09-30T07:05:07.911Z", "user": 1, "content_type": 58, "object_id": "895", "object_repr": "895", "action_flag": 3, "change_message": ""}}, {"model": "admin.logentry", "pk": 164, "fields": {"action_time": "2021-09-30T07:05:13.416Z", "user": 1, "content_type": 2, "object_id": "3", "object_repr": "About", "action_flag": 2, "change_message": ""}}, {"model": "admin.logentry", "pk": 165, "fields": {"action_time": "2021-09-30T07:06:22.377Z", "user": 1, "content_type": 2, "object_id": "5", "object_repr": "Vision & Meesion", "action_flag": 2, "change_message": "[{\"changed\": {\"fields\": [\"Title\", \"Slug\"]}}]"}}, {"model": "admin.logentry", "pk": 166, "fields": {"action_time": "2021-09-30T07:06:31.657Z", "user": 1, "content_type": 2, "object_id": "5", "object_repr": "Vision & Meesion", "action_flag": 2, "change_message": ""}}, {"model": "admin.logentry", "pk": 167, "fields": {"action_time": "2021-09-30T07:10:41.594Z", "user": 1, "content_type": 2, "object_id": "5", "object_repr": "Vision & Meesion", "action_flag": 2, "change_message": ""}}, {"model": "admin.logentry", "pk": 168, "fields": {"action_time": "2021-09-30T07:12:00.640Z", "user": 1, "content_type": 2, "object_id": "5", "object_repr": "Vision & Meesion", "action_flag": 2, "change_message": ""}}, {"model": "admin.logentry", "pk": 169, "fields": {"action_time": "2021-09-30T07:25:19.671Z", "user": 1, "content_type": 2, "object_id": "7", "object_repr": "Annual Report", "action_flag": 2, "change_message": "[{\"changed\": {\"fields\": [\"Title\", \"Slug\"]}}]"}}, {"model": "admin.logentry", "pk": 170, "fields": {"action_time": "2021-09-30T07:25:48.646Z", "user": 1, "content_type": 2, "object_id": "11", "object_repr": "Who's Who", "action_flag": 2, "change_message": "[{\"changed\": {\"fields\": [\"Title\", \"Slug\"]}}]"}}, {"model": "admin.logentry", "pk": 171, "fields": {"action_time": "2021-09-30T07:25:59.680Z", "user": 1, "content_type": 2, "object_id": "11", "object_repr": "Who's Who", "action_flag": 2, "change_message": ""}}, {"model": "admin.logentry", "pk": 172, "fields": {"action_time": "2021-09-30T07:26:29.275Z", "user": 1, "content_type": 2, "object_id": "19", "object_repr": "News Files", "action_flag": 3, "change_message": ""}}, {"model": "admin.logentry", "pk": 173, "fields": {"action_time": "2021-09-30T07:26:38.230Z", "user": 1, "content_type": 2, "object_id": "7", "object_repr": "Annual Report", "action_flag": 2, "change_message": ""}}, {"model": "admin.logentry", "pk": 174, "fields": {"action_time": "2021-09-30T07:27:26.657Z", "user": 1, "content_type": 2, "object_id": "20", "object_repr": "Downloads", "action_flag": 1, "change_message": "[{\"added\": {}}]"}}, {"model": "admin.logentry", "pk": 175, "fields": {"action_time": "2021-09-30T07:27:40.831Z", "user": 1, "content_type": 2, "object_id": "20", "object_repr": "Downloads", "action_flag": 2, "change_message": "[{\"changed\": {\"fields\": [\"Template\", \"X Frame Options\"]}}]"}}, {"model": "admin.logentry", "pk": 176, "fields": {"action_time": "2021-09-30T07:28:03.189Z", "user": 1, "content_type": 2, "object_id": "21", "object_repr": "Gallery", "action_flag": 1, "change_message": "[{\"added\": {}}]"}}, {"model": "admin.logentry", "pk": 177, "fields": {"action_time": "2021-09-30T07:28:20.359Z", "user": 1, "content_type": 2, "object_id": "20", "object_repr": "Downloads", "action_flag": 2, "change_message": ""}}, {"model": "admin.logentry", "pk": 178, "fields": {"action_time": "2021-09-30T07:28:30.533Z", "user": 1, "content_type": 2, "object_id": "21", "object_repr": "Gallery", "action_flag": 2, "change_message": ""}}, {"model": "admin.logentry", "pk": 179, "fields": {"action_time": "2021-09-30T07:29:25.018Z", "user": 1, "content_type": 51, "object_id": "1014", "object_repr": "1014", "action_flag": 3, "change_message": ""}}, {"model": "admin.logentry", "pk": 180, "fields": {"action_time": "2021-09-30T07:29:34.942Z", "user": 1, "content_type": 51, "object_id": "1015", "object_repr": "1015", "action_flag": 3, "change_message": ""}}, {"model": "admin.logentry", "pk": 181, "fields": {"action_time": "2021-09-30T07:32:21.267Z", "user": 1, "content_type": 2, "object_id": "11", "object_repr": "Who's Who", "action_flag": 2, "change_message": ""}}, {"model": "admin.logentry", "pk": 182, "fields": {"action_time": "2021-09-30T07:35:57.489Z", "user": 1, "content_type": 57, "object_id": "985", "object_repr": "985", "action_flag": 3, "change_message": ""}}, {"model": "admin.logentry", "pk": 183, "fields": {"action_time": "2021-09-30T07:39:25.657Z", "user": 1, "content_type": 2, "object_id": "7", "object_repr": "Annual Report", "action_flag": 2, "change_message": ""}}, {"model": "admin.logentry", "pk": 184, "fields": {"action_time": "2021-09-30T07:42:42.178Z", "user": 1, "content_type": 2, "object_id": "24", "object_repr": "sitemap", "action_flag": 1, "change_message": "[{\"added\": {}}]"}}, {"model": "admin.logentry", "pk": 185, "fields": {"action_time": "2021-09-30T07:43:02.680Z", "user": 1, "content_type": 2, "object_id": "24", "object_repr": "sitemap", "action_flag": 2, "change_message": "[{\"changed\": {\"fields\": [\"Template\", \"X Frame Options\"]}}]"}}, {"model": "admin.logentry", "pk": 186, "fields": {"action_time": "2021-09-30T07:43:09.748Z", "user": 1, "content_type": 2, "object_id": "24", "object_repr": "sitemap", "action_flag": 2, "change_message": ""}}, {"model": "admin.logentry", "pk": 187, "fields": {"action_time": "2021-09-30T07:45:38.703Z", "user": 1, "content_type": 2, "object_id": "12", "object_repr": "Contact Us", "action_flag": 2, "change_message": ""}}, {"model": "admin.logentry", "pk": 188, "fields": {"action_time": "2021-09-30T07:46:06.337Z", "user": 1, "content_type": 2, "object_id": "12", "object_repr": "Contact Us", "action_flag": 2, "change_message": ""}}, {"model": "admin.logentry", "pk": 189, "fields": {"action_time": "2021-09-30T07:47:59.208Z", "user": 1, "content_type": 2, "object_id": "7", "object_repr": "Annual Report", "action_flag": 2, "change_message": ""}}, {"model": "admin.logentry", "pk": 190, "fields": {"action_time": "2021-09-30T07:48:49.261Z", "user": 1, "content_type": 2, "object_id": "5", "object_repr": "Vision & Mission", "action_flag": 2, "change_message": "[{\"changed\": {\"fields\": [\"Title\"]}}]"}}, {"model": "admin.logentry", "pk": 191, "fields": {"action_time": "2021-09-30T07:48:55.919Z", "user": 1, "content_type": 2, "object_id": "5", "object_repr": "Vision & Mission", "action_flag": 2, "change_message": ""}}, {"model": "admin.logentry", "pk": 192, "fields": {"action_time": "2021-10-01T05:22:41.889Z", "user": 1, "content_type": 2, "object_id": "1", "object_repr": "Home", "action_flag": 2, "change_message": ""}}, {"model": "admin.logentry", "pk": 193, "fields": {"action_time": "2021-10-01T05:42:50.449Z", "user": 1, "content_type": 2, "object_id": "1", "object_repr": "Home", "action_flag": 2, "change_message": ""}}, {"model": "admin.logentry", "pk": 194, "fields": {"action_time": "2021-10-06T09:18:45.372Z", "user": 1, "content_type": 2, "object_id": "26", "object_repr": "test", "action_flag": 1, "change_message": "[{\"added\": {}}]"}}, {"model": "admin.logentry", "pk": 195, "fields": {"action_time": "2021-10-06T09:18:52.257Z", "user": 1, "content_type": 2, "object_id": "26", "object_repr": "test", "action_flag": 2, "change_message": ""}}, {"model": "admin.logentry", "pk": 196, "fields": {"action_time": "2021-10-06T09:39:19.929Z", "user": 1, "content_type": 2, "object_id": "28", "object_repr": "test1", "action_flag": 1, "change_message": "[{\"added\": {}}]"}}, {"model": "admin.logentry", "pk": 197, "fields": {"action_time": "2021-10-06T09:39:27.212Z", "user": 1, "content_type": 2, "object_id": "28", "object_repr": "test1", "action_flag": 2, "change_message": ""}}, {"model": "admin.logentry", "pk": 198, "fields": {"action_time": "2021-10-07T15:54:56.415Z", "user": 1, "content_type": 49, "object_id": "1518", "object_repr": "1518", "action_flag": 3, "change_message": ""}}, {"model": "admin.logentry", "pk": 199, "fields": {"action_time": "2021-10-07T16:52:32.528Z", "user": 1, "content_type": 2, "object_id": "12", "object_repr": "Contact Us", "action_flag": 3, "change_message": ""}}, {"model": "admin.logentry", "pk": 200, "fields": {"action_time": "2021-10-07T16:52:47.331Z", "user": 1, "content_type": 2, "object_id": "21", "object_repr": "Gallery", "action_flag": 3, "change_message": ""}}, {"model": "admin.logentry", "pk": 201, "fields": {"action_time": "2021-10-07T16:52:58.970Z", "user": 1, "content_type": 2, "object_id": "20", "object_repr": "Downloads", "action_flag": 3, "change_message": ""}}, {"model": "admin.logentry", "pk": 202, "fields": {"action_time": "2021-10-07T16:53:10.399Z", "user": 1, "content_type": 2, "object_id": "11", "object_repr": "Who's Who", "action_flag": 3, "change_message": ""}}, {"model": "admin.logentry", "pk": 203, "fields": {"action_time": "2021-10-07T16:53:16.673Z", "user": 1, "content_type": 2, "object_id": "7", "object_repr": "Annual Report", "action_flag": 3, "change_message": ""}}, {"model": "admin.logentry", "pk": 204, "fields": {"action_time": "2021-10-07T16:53:23.333Z", "user": 1, "content_type": 2, "object_id": "5", "object_repr": "Vision & Mission", "action_flag": 3, "change_message": ""}}, {"model": "admin.logentry", "pk": 205, "fields": {"action_time": "2021-10-07T19:04:37.856Z", "user": 1, "content_type": 2, "object_id": "1", "object_repr": "Home", "action_flag": 2, "change_message": ""}}, {"model": "admin.logentry", "pk": 206, "fields": {"action_time": "2021-10-07T19:07:36.483Z", "user": 1, "content_type": 30, "object_id": "27", "object_repr": "org_strut.png", "action_flag": 3, "change_message": ""}}, {"model": "admin.logentry", "pk": 207, "fields": {"action_time": "2021-10-07T19:36:07.524Z", "user": 1, "content_type": 35, "object_id": "270", "object_repr": "270", "action_flag": 3, "change_message": ""}}, {"model": "admin.logentry", "pk": 208, "fields": {"action_time": "2021-10-07T19:38:32.662Z", "user": 1, "content_type": 2, "object_id": "1", "object_repr": "Home", "action_flag": 2, "change_message": ""}}, {"model": "admin.logentry", "pk": 209, "fields": {"action_time": "2021-10-07T19:43:53.654Z", "user": 1, "content_type": 35, "object_id": "1576", "object_repr": "1576", "action_flag": 3, "change_message": ""}}, {"model": "admin.logentry", "pk": 210, "fields": {"action_time": "2021-10-07T19:48:39.556Z", "user": 1, "content_type": 35, "object_id": "713", "object_repr": "713", "action_flag": 3, "change_message": ""}}, {"model": "admin.logentry", "pk": 211, "fields": {"action_time": "2021-10-07T19:49:47.624Z", "user": 1, "content_type": 27, "object_id": "30", "object_repr": "AAR 2015-16.pdf", "action_flag": 3, "change_message": ""}}, {"model": "admin.logentry", "pk": 212, "fields": {"action_time": "2021-10-07T19:49:50.766Z", "user": 1, "content_type": 27, "object_id": "29", "object_repr": "AAR 2016-17.pdf", "action_flag": 3, "change_message": ""}}, {"model": "admin.logentry", "pk": 213, "fields": {"action_time": "2021-10-07T19:49:53.314Z", "user": 1, "content_type": 27, "object_id": "28", "object_repr": "AAR-2014-15.pdf", "action_flag": 3, "change_message": ""}}, {"model": "admin.logentry", "pk": 214, "fields": {"action_time": "2021-10-07T19:49:55.479Z", "user": 1, "content_type": 27, "object_id": "32", "object_repr": "Presidential Award 2021 for Sanskrit 001.jpg.pdf", "action_flag": 3, "change_message": ""}}, {"model": "admin.logentry", "pk": 215, "fields": {"action_time": "2021-10-07T19:49:57.940Z", "user": 1, "content_type": 27, "object_id": "33", "object_repr": "PresidentialAward2021.pdf", "action_flag": 3, "change_message": ""}}, {"model": "admin.logentry", "pk": 216, "fields": {"action_time": "2021-10-07T19:50:00.452Z", "user": 1, "content_type": 27, "object_id": "31", "object_repr": "SchemeBengali.pdf", "action_flag": 3, "change_message": ""}}, {"model": "admin.logentry", "pk": 217, "fields": {"action_time": "2021-10-07T19:55:26.754Z", "user": 1, "content_type": 2, "object_id": "1", "object_repr": "Home", "action_flag": 2, "change_message": ""}}, {"model": "admin.logentry", "pk": 218, "fields": {"action_time": "2021-10-07T20:18:17.728Z", "user": 1, "content_type": 24, "object_id": "26", "object_repr": "Minister of Art...", "action_flag": 3, "change_message": ""}}, {"model": "admin.logentry", "pk": 219, "fields": {"action_time": "2021-10-07T20:37:00.509Z", "user": 1, "content_type": 2, "object_id": "1", "object_repr": "Home", "action_flag": 2, "change_message": ""}}, {"model": "admin.logentry", "pk": 220, "fields": {"action_time": "2021-10-07T20:44:40.445Z", "user": 1, "content_type": 2, "object_id": "1", "object_repr": "Home", "action_flag": 2, "change_message": ""}}, {"model": "admin.logentry", "pk": 221, "fields": {"action_time": "2021-10-07T20:47:15.978Z", "user": 1, "content_type": 49, "object_id": "18", "object_repr": "18", "action_flag": 3, "change_message": ""}}, {"model": "admin.logentry", "pk": 222, "fields": {"action_time": "2021-10-07T20:49:34.485Z", "user": 1, "content_type": 38, "object_id": "1678", "object_repr": "1678", "action_flag": 3, "change_message": ""}}, {"model": "admin.logentry", "pk": 223, "fields": {"action_time": "2021-10-07T20:49:47.378Z", "user": 1, "content_type": 38, "object_id": "1688", "object_repr": "1688", "action_flag": 3, "change_message": ""}}, {"model": "admin.logentry", "pk": 224, "fields": {"action_time": "2021-10-07T20:50:15.608Z", "user": 1, "content_type": 37, "object_id": "1676", "object_repr": "1676", "action_flag": 3, "change_message": ""}}, {"model": "admin.logentry", "pk": 225, "fields": {"action_time": "2021-10-07T20:50:47.422Z", "user": 1, "content_type": 37, "object_id": "1687", "object_repr": "1687", "action_flag": 3, "change_message": ""}}, {"model": "admin.logentry", "pk": 226, "fields": {"action_time": "2021-10-07T20:57:54.875Z", "user": 1, "content_type": 2, "object_id": "1", "object_repr": "Home", "action_flag": 2, "change_message": ""}}, {"model": "admin.logentry", "pk": 227, "fields": {"action_time": "2021-10-08T09:07:46.723Z", "user": 1, "content_type": 48, "object_id": "1549", "object_repr": "1549", "action_flag": 3, "change_message": ""}}, {"model": "admin.logentry", "pk": 228, "fields": {"action_time": "2021-10-08T09:19:44.262Z", "user": 1, "content_type": 2, "object_id": "1", "object_repr": "Home", "action_flag": 2, "change_message": ""}}, {"model": "admin.logentry", "pk": 229, "fields": {"action_time": "2021-10-08T09:55:18.980Z", "user": 1, "content_type": 2, "object_id": "1", "object_repr": "Home", "action_flag": 2, "change_message": ""}}, {"model": "admin.logentry", "pk": 230, "fields": {"action_time": "2021-10-08T09:58:20.080Z", "user": 1, "content_type": 2, "object_id": "1", "object_repr": "Home", "action_flag": 2, "change_message": ""}}, {"model": "admin.logentry", "pk": 231, "fields": {"action_time": "2021-10-08T10:06:04.498Z", "user": 1, "content_type": 2, "object_id": "3", "object_repr": "About", "action_flag": 3, "change_message": ""}}, {"model": "admin.logentry", "pk": 232, "fields": {"action_time": "2021-10-08T10:31:29.199Z", "user": 1, "content_type": 2, "object_id": "1", "object_repr": "Home", "action_flag": 2, "change_message": ""}}, {"model": "admin.logentry", "pk": 233, "fields": {"action_time": "2021-10-08T10:46:32.957Z", "user": 1, "content_type": 2, "object_id": "1", "object_repr": "Home", "action_flag": 2, "change_message": ""}}, {"model": "admin.logentry", "pk": 234, "fields": {"action_time": "2021-10-08T10:59:09.875Z", "user": 1, "content_type": 2, "object_id": "1", "object_repr": "Home", "action_flag": 2, "change_message": ""}}, {"model": "admin.logentry", "pk": 235, "fields": {"action_time": "2021-10-11T08:04:48.841Z", "user": 1, "content_type": 37, "object_id": "1927", "object_repr": "1927", "action_flag": 3, "change_message": ""}}, {"model": "admin.logentry", "pk": 236, "fields": {"action_time": "2021-10-11T08:08:12.758Z", "user": 1, "content_type": 2, "object_id": "1", "object_repr": "Home", "action_flag": 2, "change_message": ""}}, {"model": "admin.logentry", "pk": 237, "fields": {"action_time": "2021-10-11T08:20:51.628Z", "user": 1, "content_type": 2, "object_id": "30", "object_repr": "About", "action_flag": 1, "change_message": "[{\"added\": {}}]"}}, {"model": "admin.logentry", "pk": 238, "fields": {"action_time": "2021-10-11T08:21:04.903Z", "user": 1, "content_type": 2, "object_id": "31", "object_repr": "test", "action_flag": 1, "change_message": "[{\"added\": {}}]"}}, {"model": "admin.logentry", "pk": 239, "fields": {"action_time": "2021-10-11T08:21:20.148Z", "user": 1, "content_type": 2, "object_id": "30", "object_repr": "About", "action_flag": 2, "change_message": ""}}, {"model": "admin.logentry", "pk": 240, "fields": {"action_time": "2021-10-11T08:21:26.500Z", "user": 1, "content_type": 2, "object_id": "31", "object_repr": "test", "action_flag": 2, "change_message": ""}}, {"model": "admin.logentry", "pk": 241, "fields": {"action_time": "2021-10-11T08:21:54.512Z", "user": 1, "content_type": 2, "object_id": "31", "object_repr": "test", "action_flag": 3, "change_message": ""}}, {"model": "admin.logentry", "pk": 242, "fields": {"action_time": "2021-10-11T08:22:39.469Z", "user": 1, "content_type": 2, "object_id": "30", "object_repr": "About", "action_flag": 3, "change_message": ""}}, {"model": "sites.site", "pk": 1, "fields": {"domain": "example.com", "name": "example.com"}}, {"model": "cms.usersettings", "pk": 1, "fields": {"user": 1, "language": "en", "clipboard": 1}}, {"model": "cms.treenode", "pk": 1, "fields": {"path": "0001", "depth": 1, "numchild": 0, "parent": null, "site": 1}}, {"model": "cms.treenode", "pk": 8, "fields": {"path": "000B", "depth": 1, "numchild": 0, "parent": null, "site": 1}}, {"model": "cms.treenode", "pk": 9, "fields": {"path": "000C", "depth": 1, "numchild": 0, "parent": null, "site": 1}}, {"model": "cms.treenode", "pk": 13, "fields": {"path": "000D", "depth": 1, "numchild": 0, "parent": null, "site": 1}}, {"model": "cms.page", "pk": 1, "fields": {"created_by": "admin", "changed_by": "admin", "creation_date": "2021-06-16T06:26:28.962Z", "changed_date": "2021-06-29T06:21:44.774Z", "publication_date": "2021-06-16T06:26:28.976Z", "publication_end_date": null, "in_navigation": true, "soft_root": false, "reverse_id": null, "navigation_extenders": null, "template": "normal_page.html", "login_required": false, "limit_visibility_in_menu": null, "is_home": true, "application_urls": "", "application_namespace": null, "publisher_is_draft": true, "publisher_public": 2, "languages": "en", "xframe_options": 0, "is_page_type": false, "node": 1, "placeholders": [2, 8, 9, 19, 20, 36, 78, 80, 85, 86]}}, {"model": "cms.page", "pk": 2, "fields": {"created_by": "admin", "changed_by": "admin", "creation_date": "2021-06-16T06:26:28.976Z", "changed_date": "2021-10-11T08:08:12.441Z", "publication_date": "2021-06-16T06:26:28.976Z", "publication_end_date": null, "in_navigation": true, "soft_root": false, "reverse_id": null, "navigation_extenders": null, "template": "normal_page.html", "login_required": false, "limit_visibility_in_menu": null, "is_home": true, "application_urls": "", "application_namespace": null, "publisher_is_draft": false, "publisher_public": 1, "languages": "en", "xframe_options": 0, "is_page_type": false, "node": 1, "placeholders": [3, 10, 11, 21, 22, 37, 79, 81, 82, 83, 84]}}, {"model": "cms.page", "pk": 15, "fields": {"created_by": "admin", "changed_by": "admin", "creation_date": "2021-06-30T10:51:26.261Z", "changed_date": "2021-06-30T10:51:50.260Z", "publication_date": "2021-06-30T10:53:35.976Z", "publication_end_date": null, "in_navigation": false, "soft_root": false, "reverse_id": null, "navigation_extenders": null, "template": "sample_page.html", "login_required": false, "limit_visibility_in_menu": null, "is_home": false, "application_urls": "", "application_namespace": null, "publisher_is_draft": true, "publisher_public": 16, "languages": "en", "xframe_options": 0, "is_page_type": false, "node": 8, "placeholders": [38, 39, 40, 41]}}, {"model": "cms.page", "pk": 16, "fields": {"created_by": "admin", "changed_by": "admin", "creation_date": "2021-06-30T10:53:35.976Z", "changed_date": "2021-06-30T11:03:47.312Z", "publication_date": "2021-06-30T10:53:35.976Z", "publication_end_date": null, "in_navigation": false, "soft_root": false, "reverse_id": null, "navigation_extenders": null, "template": "sample_page.html", "login_required": false, "limit_visibility_in_menu": null, "is_home": false, "application_urls": "", "application_namespace": null, "publisher_is_draft": false, "publisher_public": 15, "languages": "en", "xframe_options": 0, "is_page_type": false, "node": 8, "placeholders": [42, 43, 44, 45]}}, {"model": "cms.page", "pk": 17, "fields": {"created_by": "admin", "changed_by": "admin", "creation_date": "2021-06-30T11:04:34.024Z", "changed_date": "2021-06-30T11:06:32.551Z", "publication_date": "2021-06-30T11:05:57.438Z", "publication_end_date": null, "in_navigation": false, "soft_root": false, "reverse_id": null, "navigation_extenders": null, "template": "sample_page.html", "login_required": false, "limit_visibility_in_menu": null, "is_home": false, "application_urls": "", "application_namespace": null, "publisher_is_draft": true, "publisher_public": 18, "languages": "en", "xframe_options": 0, "is_page_type": false, "node": 9, "placeholders": [46, 47, 48, 49]}}, {"model": "cms.page", "pk": 18, "fields": {"created_by": "admin", "changed_by": "admin", "creation_date": "2021-06-30T11:05:57.438Z", "changed_date": "2021-06-30T11:06:37.056Z", "publication_date": "2021-06-30T11:05:57.438Z", "publication_end_date": null, "in_navigation": false, "soft_root": false, "reverse_id": null, "navigation_extenders": null, "template": "sample_page.html", "login_required": false, "limit_visibility_in_menu": null, "is_home": false, "application_urls": "", "application_namespace": null, "publisher_is_draft": false, "publisher_public": 17, "languages": "en", "xframe_options": 0, "is_page_type": false, "node": 9, "placeholders": [50, 51, 52, 53]}}, {"model": "cms.page", "pk": 24, "fields": {"created_by": "admin", "changed_by": "admin", "creation_date": "2021-09-30T07:42:42.147Z", "changed_date": "2021-09-30T07:43:02.675Z", "publication_date": "2021-09-30T07:43:09.722Z", "publication_end_date": null, "in_navigation": false, "soft_root": false, "reverse_id": null, "navigation_extenders": null, "template": "sitemap.html", "login_required": false, "limit_visibility_in_menu": null, "is_home": false, "application_urls": "", "application_namespace": null, "publisher_is_draft": true, "publisher_public": 25, "languages": "en", "xframe_options": 0, "is_page_type": false, "node": 13, "placeholders": []}}, {"model": "cms.page", "pk": 25, "fields": {"created_by": "admin", "changed_by": "admin", "creation_date": "2021-09-30T07:43:09.723Z", "changed_date": "2021-09-30T07:43:09.723Z", "publication_date": "2021-09-30T07:43:09.722Z", "publication_end_date": null, "in_navigation": false, "soft_root": false, "reverse_id": null, "navigation_extenders": null, "template": "sitemap.html", "login_required": false, "limit_visibility_in_menu": null, "is_home": false, "application_urls": "", "application_namespace": null, "publisher_is_draft": false, "publisher_public": 24, "languages": "en", "xframe_options": 0, "is_page_type": false, "node": 13, "placeholders": []}}, {"model": "cms.placeholder", "pk": 1, "fields": {"slot": "clipboard", "default_width": null}}, {"model": "cms.placeholder", "pk": 2, "fields": {"slot": "content", "default_width": null}}, {"model": "cms.placeholder", "pk": 3, "fields": {"slot": "content", "default_width": null}}, {"model": "cms.placeholder", "pk": 8, "fields": {"slot": "cm_photo", "default_width": null}}, {"model": "cms.placeholder", "pk": 9, "fields": {"slot": "carousal", "default_width": null}}, {"model": "cms.placeholder", "pk": 10, "fields": {"slot": "cm_photo", "default_width": null}}, {"model": "cms.placeholder", "pk": 11, "fields": {"slot": "carousal", "default_width": null}}, {"model": "cms.placeholder", "pk": 19, "fields": {"slot": "content_section", "default_width": null}}, {"model": "cms.placeholder", "pk": 20, "fields": {"slot": "news", "default_width": null}}, {"model": "cms.placeholder", "pk": 21, "fields": {"slot": "content_section", "default_width": null}}, {"model": "cms.placeholder", "pk": 22, "fields": {"slot": "news", "default_width": null}}, {"model": "cms.placeholder", "pk": 36, "fields": {"slot": "carausal", "default_width": null}}, {"model": "cms.placeholder", "pk": 37, "fields": {"slot": "carausal", "default_width": null}}, {"model": "cms.placeholder", "pk": 38, "fields": {"slot": "content", "default_width": null}}, {"model": "cms.placeholder", "pk": 39, "fields": {"slot": "carausal", "default_width": null}}, {"model": "cms.placeholder", "pk": 40, "fields": {"slot": "content_section", "default_width": null}}, {"model": "cms.placeholder", "pk": 41, "fields": {"slot": "news", "default_width": null}}, {"model": "cms.placeholder", "pk": 42, "fields": {"slot": "content", "default_width": null}}, {"model": "cms.placeholder", "pk": 43, "fields": {"slot": "carausal", "default_width": null}}, {"model": "cms.placeholder", "pk": 44, "fields": {"slot": "content_section", "default_width": null}}, {"model": "cms.placeholder", "pk": 45, "fields": {"slot": "news", "default_width": null}}, {"model": "cms.placeholder", "pk": 46, "fields": {"slot": "content", "default_width": null}}, {"model": "cms.placeholder", "pk": 47, "fields": {"slot": "carausal", "default_width": null}}, {"model": "cms.placeholder", "pk": 48, "fields": {"slot": "content_section", "default_width": null}}, {"model": "cms.placeholder", "pk": 49, "fields": {"slot": "news", "default_width": null}}, {"model": "cms.placeholder", "pk": 50, "fields": {"slot": "content", "default_width": null}}, {"model": "cms.placeholder", "pk": 51, "fields": {"slot": "carausal", "default_width": null}}, {"model": "cms.placeholder", "pk": 52, "fields": {"slot": "content_section", "default_width": null}}, {"model": "cms.placeholder", "pk": 53, "fields": {"slot": "news", "default_width": null}}, {"model": "cms.placeholder", "pk": 78, "fields": {"slot": "Notification", "default_width": null}}, {"model": "cms.placeholder", "pk": 79, "fields": {"slot": "Notification", "default_width": null}}, {"model": "cms.placeholder", "pk": 80, "fields": {"slot": "Notes", "default_width": null}}, {"model": "cms.placeholder", "pk": 81, "fields": {"slot": "Notes", "default_width": null}}, {"model": "cms.placeholder", "pk": 82, "fields": {"slot": "Contact", "default_width": null}}, {"model": "cms.placeholder", "pk": 83, "fields": {"slot": "Contact", "default_width": null}}, {"model": "cms.placeholder", "pk": 84, "fields": {"slot": "MainContent", "default_width": null}}, {"model": "cms.placeholder", "pk": 85, "fields": {"slot": "MainContent", "default_width": null}}, {"model": "cms.placeholder", "pk": 86, "fields": {"slot": "Contact", "default_width": null}}, {"model": "cms.cmsplugin", "pk": 7, "fields": {"path": "000C0004000100040001", "depth": 5, "numchild": 0, "placeholder": 8, "parent": 1929, "position": 0, "language": "en", "plugin_type": "Bootstrap4PicturePlugin", "creation_date": "2021-06-16T08:35:07.012Z", "changed_date": "2021-10-07T20:20:06.609Z"}}, {"model": "cms.cmsplugin", "pk": 8, "fields": {"path": "0007", "depth": 1, "numchild": 2, "placeholder": 9, "parent": null, "position": 0, "language": "en", "plugin_type": "Bootstrap4CarouselPlugin", "creation_date": "2021-06-16T08:36:03.244Z", "changed_date": "2021-06-16T08:39:52.902Z"}}, {"model": "cms.cmsplugin", "pk": 9, "fields": {"path": "00070001", "depth": 2, "numchild": 0, "placeholder": 9, "parent": 8, "position": 0, "language": "en", "plugin_type": "Bootstrap4CarouselSlidePlugin", "creation_date": "2021-06-16T08:36:18.937Z", "changed_date": "2021-06-16T08:36:18.946Z"}}, {"model": "cms.cmsplugin", "pk": 10, "fields": {"path": "00070002", "depth": 2, "numchild": 0, "placeholder": 9, "parent": 8, "position": 1, "language": "en", "plugin_type": "Bootstrap4CarouselSlidePlugin", "creation_date": "2021-06-16T08:36:48.408Z", "changed_date": "2021-06-16T08:36:48.416Z"}}, {"model": "cms.cmsplugin", "pk": 17, "fields": {"path": "000C", "depth": 1, "numchild": 1, "placeholder": 8, "parent": null, "position": 0, "language": "en", "plugin_type": "Bootstrap4AlertsPlugin", "creation_date": "2021-06-16T08:49:13.531Z", "changed_date": "2021-10-07T20:47:15.434Z"}}, {"model": "cms.cmsplugin", "pk": 185, "fields": {"path": "001J", "depth": 1, "numchild": 2, "placeholder": 20, "parent": null, "position": 0, "language": "en", "plugin_type": "Bootstrap4AlertsPlugin", "creation_date": "2021-06-21T05:52:03.353Z", "changed_date": "2021-10-08T10:56:41.701Z"}}, {"model": "cms.cmsplugin", "pk": 714, "fields": {"path": "001J0003", "depth": 2, "numchild": 0, "placeholder": 20, "parent": 185, "position": 0, "language": "en", "plugin_type": "TextPlugin", "creation_date": "2021-06-29T09:28:07.639Z", "changed_date": "2021-10-07T20:36:52.877Z"}}, {"model": "cms.cmsplugin", "pk": 887, "fields": {"path": "002N", "depth": 1, "numchild": 0, "placeholder": 2, "parent": null, "position": 0, "language": "en", "plugin_type": "TextPlugin", "creation_date": "2021-06-29T11:27:31.737Z", "changed_date": "2021-06-29T11:27:31.738Z"}}, {"model": "cms.cmsplugin", "pk": 1176, "fields": {"path": "003G", "depth": 1, "numchild": 0, "placeholder": 38, "parent": null, "position": 0, "language": "en", "plugin_type": "TextPlugin", "creation_date": "2021-06-30T10:52:21.300Z", "changed_date": "2021-06-30T11:03:21.231Z"}}, {"model": "cms.cmsplugin", "pk": 1178, "fields": {"path": "003H", "depth": 1, "numchild": 0, "placeholder": 42, "parent": null, "position": 0, "language": "en", "plugin_type": "TextPlugin", "creation_date": "2021-06-30T10:52:21.300Z", "changed_date": "2021-06-30T11:03:47.410Z"}}, {"model": "cms.cmsplugin", "pk": 1179, "fields": {"path": "003I", "depth": 1, "numchild": 0, "placeholder": 46, "parent": null, "position": 0, "language": "en", "plugin_type": "TextPlugin", "creation_date": "2021-06-30T11:04:56.317Z", "changed_date": "2021-06-30T11:05:52.953Z"}}, {"model": "cms.cmsplugin", "pk": 1181, "fields": {"path": "003J", "depth": 1, "numchild": 0, "placeholder": 50, "parent": null, "position": 0, "language": "en", "plugin_type": "TextPlugin", "creation_date": "2021-06-30T11:04:56.317Z", "changed_date": "2021-06-30T11:06:37.158Z"}}, {"model": "cms.cmsplugin", "pk": 1292, "fields": {"path": "004B", "depth": 1, "numchild": 2, "placeholder": 19, "parent": null, "position": 0, "language": "en", "plugin_type": "Bootstrap4AlertsPlugin", "creation_date": "2021-09-30T06:41:26.622Z", "changed_date": "2021-10-01T05:22:32.494Z"}}, {"model": "cms.cmsplugin", "pk": 1293, "fields": {"path": "004B0001", "depth": 2, "numchild": 0, "placeholder": 19, "parent": 1292, "position": 0, "language": "en", "plugin_type": "TextPlugin", "creation_date": "2021-09-30T06:41:39.192Z", "changed_date": "2021-09-30T06:41:58.423Z"}}, {"model": "cms.cmsplugin", "pk": 1294, "fields": {"path": "004B0002", "depth": 2, "numchild": 1, "placeholder": 19, "parent": 1292, "position": 1, "language": "en", "plugin_type": "Bootstrap4AlertsPlugin", "creation_date": "2021-09-30T06:42:13.327Z", "changed_date": "2021-09-30T06:45:08.823Z"}}, {"model": "cms.cmsplugin", "pk": 1491, "fields": {"path": "004B00020001", "depth": 3, "numchild": 3, "placeholder": 19, "parent": 1294, "position": 0, "language": "en", "plugin_type": "TextPlugin", "creation_date": "2021-10-01T05:39:10.351Z", "changed_date": "2021-10-01T05:42:45.414Z"}}, {"model": "cms.cmsplugin", "pk": 1492, "fields": {"path": "004B000200010001", "depth": 4, "numchild": 0, "placeholder": 19, "parent": 1491, "position": 0, "language": "en", "plugin_type": "Bootstrap4LinkPlugin", "creation_date": "2021-10-01T05:41:40.644Z", "changed_date": "2021-10-01T05:41:40.652Z"}}, {"model": "cms.cmsplugin", "pk": 1493, "fields": {"path": "004B000200010002", "depth": 4, "numchild": 0, "placeholder": 19, "parent": 1491, "position": 1, "language": "en", "plugin_type": "Bootstrap4LinkPlugin", "creation_date": "2021-10-01T05:42:11.515Z", "changed_date": "2021-10-01T05:42:11.523Z"}}, {"model": "cms.cmsplugin", "pk": 1494, "fields": {"path": "004B000200010003", "depth": 4, "numchild": 0, "placeholder": 19, "parent": 1491, "position": 2, "language": "en", "plugin_type": "Bootstrap4LinkPlugin", "creation_date": "2021-10-01T05:42:38.104Z", "changed_date": "2021-10-01T05:42:38.112Z"}}, {"model": "cms.cmsplugin", "pk": 1523, "fields": {"path": "004Y", "depth": 1, "numchild": 2, "placeholder": 36, "parent": null, "position": 0, "language": "en", "plugin_type": "Bootstrap4CarouselPlugin", "creation_date": "2021-10-07T18:52:49.488Z", "changed_date": "2021-10-07T19:20:52.981Z"}}, {"model": "cms.cmsplugin", "pk": 1547, "fields": {"path": "004Y0001", "depth": 2, "numchild": 0, "placeholder": 36, "parent": 1523, "position": 0, "language": "en", "plugin_type": "Bootstrap4CarouselSlidePlugin", "creation_date": "2021-10-07T19:08:42.066Z", "changed_date": "2021-10-08T10:31:08.239Z"}}, {"model": "cms.cmsplugin", "pk": 1548, "fields": {"path": "004Y0002", "depth": 2, "numchild": 0, "placeholder": 36, "parent": 1523, "position": 1, "language": "en", "plugin_type": "Bootstrap4CarouselSlidePlugin", "creation_date": "2021-10-07T19:09:20.301Z", "changed_date": "2021-10-07T19:09:20.314Z"}}, {"model": "cms.cmsplugin", "pk": 1575, "fields": {"path": "001J000600010001", "depth": 4, "numchild": 0, "placeholder": 20, "parent": 1577, "position": 0, "language": "en", "plugin_type": "TextPlugin", "creation_date": "2021-10-07T19:40:04.044Z", "changed_date": "2021-10-07T19:47:42.734Z"}}, {"model": "cms.cmsplugin", "pk": 1577, "fields": {"path": "001J00060001", "depth": 3, "numchild": 2, "placeholder": 20, "parent": 1581, "position": 0, "language": "en", "plugin_type": "Bootstrap4GridContainerPlugin", "creation_date": "2021-10-07T19:43:30.373Z", "changed_date": "2021-10-07T20:39:26.137Z"}}, {"model": "cms.cmsplugin", "pk": 1578, "fields": {"path": "001J000600010003", "depth": 4, "numchild": 1, "placeholder": 20, "parent": 1577, "position": 1, "language": "en", "plugin_type": "Bootstrap4GridContainerPlugin", "creation_date": "2021-10-07T19:48:03.921Z", "changed_date": "2021-10-07T19:48:31.737Z"}}, {"model": "cms.cmsplugin", "pk": 1579, "fields": {"path": "001J0006000100030001", "depth": 5, "numchild": 1, "placeholder": 20, "parent": 1578, "position": 0, "language": "en", "plugin_type": "TextPlugin", "creation_date": "2021-10-07T19:48:46.999Z", "changed_date": "2021-10-07T20:44:34.034Z"}}, {"model": "cms.cmsplugin", "pk": 1580, "fields": {"path": "001J00060001000300010001", "depth": 6, "numchild": 0, "placeholder": 20, "parent": 1579, "position": 0, "language": "en", "plugin_type": "FilePlugin", "creation_date": "2021-10-07T19:50:30.825Z", "changed_date": "2021-10-07T19:50:30.843Z"}}, {"model": "cms.cmsplugin", "pk": 1581, "fields": {"path": "001J0006", "depth": 2, "numchild": 1, "placeholder": 20, "parent": 185, "position": 1, "language": "en", "plugin_type": "Bootstrap4GridContainerPlugin", "creation_date": "2021-10-07T19:54:02.775Z", "changed_date": "2021-10-07T19:54:41.446Z"}}, {"model": "cms.cmsplugin", "pk": 1612, "fields": {"path": "005C", "depth": 1, "numchild": 1, "placeholder": 80, "parent": null, "position": 0, "language": "en", "plugin_type": "Bootstrap4GridContainerPlugin", "creation_date": "2021-10-07T20:27:37.398Z", "changed_date": "2021-10-08T10:46:26.610Z"}}, {"model": "cms.cmsplugin", "pk": 1613, "fields": {"path": "005C0001", "depth": 2, "numchild": 0, "placeholder": 80, "parent": 1612, "position": 0, "language": "en", "plugin_type": "TextPlugin", "creation_date": "2021-10-07T20:27:50.401Z", "changed_date": "2021-10-08T09:58:07.601Z"}}, {"model": "cms.cmsplugin", "pk": 1679, "fields": {"path": "000C0004", "depth": 2, "numchild": 2, "placeholder": 8, "parent": 17, "position": 1, "language": "en", "plugin_type": "Bootstrap4GridRowPlugin", "creation_date": "2021-10-07T20:48:16.161Z", "changed_date": "2021-10-07T20:54:27.462Z"}}, {"model": "cms.cmsplugin", "pk": 1680, "fields": {"path": "000C00040001", "depth": 3, "numchild": 1, "placeholder": 8, "parent": 1679, "position": 0, "language": "en", "plugin_type": "Bootstrap4GridColumnPlugin", "creation_date": "2021-10-07T20:48:31.750Z", "changed_date": "2021-10-11T08:08:08.681Z"}}, {"model": "cms.cmsplugin", "pk": 1681, "fields": {"path": "000C00040002", "depth": 3, "numchild": 1, "placeholder": 8, "parent": 1679, "position": 1, "language": "en", "plugin_type": "Bootstrap4GridColumnPlugin", "creation_date": "2021-10-07T20:49:15.808Z", "changed_date": "2021-10-07T20:57:48.321Z"}}, {"model": "cms.cmsplugin", "pk": 1691, "fields": {"path": "000C000400020002", "depth": 4, "numchild": 0, "placeholder": 8, "parent": 1681, "position": 0, "language": "en", "plugin_type": "TextPlugin", "creation_date": "2021-06-16T08:52:56.154Z", "changed_date": "2021-10-07T20:49:27.060Z"}}, {"model": "cms.cmsplugin", "pk": 1723, "fields": {"path": "005S", "depth": 1, "numchild": 1, "placeholder": 1, "parent": null, "position": 1, "language": "en", "plugin_type": "Bootstrap4GridContainerPlugin", "creation_date": "2021-10-07T19:21:30.107Z", "changed_date": "2021-10-08T09:07:31.261Z"}}, {"model": "cms.cmsplugin", "pk": 1724, "fields": {"path": "005S0001", "depth": 2, "numchild": 0, "placeholder": 1, "parent": 1723, "position": 0, "language": "en", "plugin_type": "TextPlugin", "creation_date": "2021-06-29T11:29:18.883Z", "changed_date": "2021-10-08T09:07:31.604Z"}}, {"model": "cms.cmsplugin", "pk": 1725, "fields": {"path": "005T", "depth": 1, "numchild": 1, "placeholder": 85, "parent": null, "position": 0, "language": "en", "plugin_type": "Bootstrap4GridContainerPlugin", "creation_date": "2021-10-07T19:21:30.107Z", "changed_date": "2021-10-08T09:07:37.672Z"}}, {"model": "cms.cmsplugin", "pk": 1726, "fields": {"path": "005T0001", "depth": 2, "numchild": 0, "placeholder": 85, "parent": 1725, "position": 0, "language": "en", "plugin_type": "TextPlugin", "creation_date": "2021-06-29T11:29:18.883Z", "changed_date": "2021-10-08T09:07:37.706Z"}}, {"model": "cms.cmsplugin", "pk": 1727, "fields": {"path": "005U", "depth": 1, "numchild": 1, "placeholder": 86, "parent": null, "position": 0, "language": "en", "plugin_type": "Bootstrap4GridContainerPlugin", "creation_date": "2021-10-08T09:15:29.744Z", "changed_date": "2021-10-08T09:55:10.182Z"}}, {"model": "cms.cmsplugin", "pk": 1728, "fields": {"path": "005U0001", "depth": 2, "numchild": 0, "placeholder": 86, "parent": 1727, "position": 0, "language": "en", "plugin_type": "TextPlugin", "creation_date": "2021-10-08T09:15:39.351Z", "changed_date": "2021-10-08T09:18:22.368Z"}}, {"model": "cms.cmsplugin", "pk": 1929, "fields": {"path": "000C000400010004", "depth": 4, "numchild": 1, "placeholder": 8, "parent": 1680, "position": 0, "language": "en", "plugin_type": "Bootstrap4GridContainerPlugin", "creation_date": "2021-10-11T08:04:32.892Z", "changed_date": "2021-10-11T08:07:37.906Z"}}, {"model": "cms.cmsplugin", "pk": 1930, "fields": {"path": "005V", "depth": 1, "numchild": 1, "placeholder": 10, "parent": null, "position": 0, "language": "en", "plugin_type": "Bootstrap4AlertsPlugin", "creation_date": "2021-06-16T08:49:13.531Z", "changed_date": "2021-10-11T08:08:12.570Z"}}, {"model": "cms.cmsplugin", "pk": 1931, "fields": {"path": "005V0001", "depth": 2, "numchild": 2, "placeholder": 10, "parent": 1930, "position": 1, "language": "en", "plugin_type": "Bootstrap4GridRowPlugin", "creation_date": "2021-10-07T20:48:16.161Z", "changed_date": "2021-10-11T08:08:12.572Z"}}, {"model": "cms.cmsplugin", "pk": 1932, "fields": {"path": "005V00010001", "depth": 3, "numchild": 1, "placeholder": 10, "parent": 1931, "position": 0, "language": "en", "plugin_type": "Bootstrap4GridColumnPlugin", "creation_date": "2021-10-07T20:48:31.750Z", "changed_date": "2021-10-11T08:08:12.574Z"}}, {"model": "cms.cmsplugin", "pk": 1933, "fields": {"path": "005V000100010001", "depth": 4, "numchild": 1, "placeholder": 10, "parent": 1932, "position": 0, "language": "en", "plugin_type": "Bootstrap4GridContainerPlugin", "creation_date": "2021-10-11T08:04:32.892Z", "changed_date": "2021-10-11T08:08:12.576Z"}}, {"model": "cms.cmsplugin", "pk": 1934, "fields": {"path": "005V0001000100010001", "depth": 5, "numchild": 0, "placeholder": 10, "parent": 1933, "position": 0, "language": "en", "plugin_type": "Bootstrap4PicturePlugin", "creation_date": "2021-06-16T08:35:07.012Z", "changed_date": "2021-10-11T08:08:12.578Z"}}, {"model": "cms.cmsplugin", "pk": 1935, "fields": {"path": "005V00010002", "depth": 3, "numchild": 1, "placeholder": 10, "parent": 1931, "position": 1, "language": "en", "plugin_type": "Bootstrap4GridColumnPlugin", "creation_date": "2021-10-07T20:49:15.808Z", "changed_date": "2021-10-11T08:08:12.582Z"}}, {"model": "cms.cmsplugin", "pk": 1936, "fields": {"path": "005V000100020001", "depth": 4, "numchild": 0, "placeholder": 10, "parent": 1935, "position": 0, "language": "en", "plugin_type": "TextPlugin", "creation_date": "2021-06-16T08:52:56.154Z", "changed_date": "2021-10-11T08:08:12.593Z"}}, {"model": "cms.cmsplugin", "pk": 1937, "fields": {"path": "005W", "depth": 1, "numchild": 2, "placeholder": 11, "parent": null, "position": 0, "language": "en", "plugin_type": "Bootstrap4CarouselPlugin", "creation_date": "2021-06-16T08:36:03.244Z", "changed_date": "2021-10-11T08:08:12.601Z"}}, {"model": "cms.cmsplugin", "pk": 1938, "fields": {"path": "005W0001", "depth": 2, "numchild": 0, "placeholder": 11, "parent": 1937, "position": 0, "language": "en", "plugin_type": "Bootstrap4CarouselSlidePlugin", "creation_date": "2021-06-16T08:36:18.937Z", "changed_date": "2021-10-11T08:08:12.602Z"}}, {"model": "cms.cmsplugin", "pk": 1939, "fields": {"path": "005W0002", "depth": 2, "numchild": 0, "placeholder": 11, "parent": 1937, "position": 1, "language": "en", "plugin_type": "Bootstrap4CarouselSlidePlugin", "creation_date": "2021-06-16T08:36:48.408Z", "changed_date": "2021-10-11T08:08:12.605Z"}}, {"model": "cms.cmsplugin", "pk": 1940, "fields": {"path": "005X", "depth": 1, "numchild": 2, "placeholder": 21, "parent": null, "position": 0, "language": "en", "plugin_type": "Bootstrap4AlertsPlugin", "creation_date": "2021-09-30T06:41:26.622Z", "changed_date": "2021-10-11T08:08:12.613Z"}}, {"model": "cms.cmsplugin", "pk": 1941, "fields": {"path": "005X0001", "depth": 2, "numchild": 0, "placeholder": 21, "parent": 1940, "position": 0, "language": "en", "plugin_type": "TextPlugin", "creation_date": "2021-09-30T06:41:39.192Z", "changed_date": "2021-10-11T08:08:12.633Z"}}, {"model": "cms.cmsplugin", "pk": 1942, "fields": {"path": "005X0002", "depth": 2, "numchild": 1, "placeholder": 21, "parent": 1940, "position": 1, "language": "en", "plugin_type": "Bootstrap4AlertsPlugin", "creation_date": "2021-09-30T06:42:13.327Z", "changed_date": "2021-10-11T08:08:12.619Z"}}, {"model": "cms.cmsplugin", "pk": 1943, "fields": {"path": "005X00020001", "depth": 3, "numchild": 3, "placeholder": 21, "parent": 1942, "position": 0, "language": "en", "plugin_type": "TextPlugin", "creation_date": "2021-10-01T05:39:10.351Z", "changed_date": "2021-10-11T08:08:12.640Z"}}, {"model": "cms.cmsplugin", "pk": 1944, "fields": {"path": "005X000200010001", "depth": 4, "numchild": 0, "placeholder": 21, "parent": 1943, "position": 0, "language": "en", "plugin_type": "Bootstrap4LinkPlugin", "creation_date": "2021-10-01T05:41:40.644Z", "changed_date": "2021-10-11T08:08:12.625Z"}}, {"model": "cms.cmsplugin", "pk": 1945, "fields": {"path": "005X000200010002", "depth": 4, "numchild": 0, "placeholder": 21, "parent": 1943, "position": 1, "language": "en", "plugin_type": "Bootstrap4LinkPlugin", "creation_date": "2021-10-01T05:42:11.515Z", "changed_date": "2021-10-11T08:08:12.628Z"}}, {"model": "cms.cmsplugin", "pk": 1946, "fields": {"path": "005X000200010003", "depth": 4, "numchild": 0, "placeholder": 21, "parent": 1943, "position": 2, "language": "en", "plugin_type": "Bootstrap4LinkPlugin", "creation_date": "2021-10-01T05:42:38.104Z", "changed_date": "2021-10-11T08:08:12.631Z"}}, {"model": "cms.cmsplugin", "pk": 1947, "fields": {"path": "005Y", "depth": 1, "numchild": 2, "placeholder": 22, "parent": null, "position": 0, "language": "en", "plugin_type": "Bootstrap4AlertsPlugin", "creation_date": "2021-06-21T05:52:03.353Z", "changed_date": "2021-10-11T08:08:12.652Z"}}, {"model": "cms.cmsplugin", "pk": 1948, "fields": {"path": "005Y0001", "depth": 2, "numchild": 0, "placeholder": 22, "parent": 1947, "position": 0, "language": "en", "plugin_type": "TextPlugin", "creation_date": "2021-06-29T09:28:07.639Z", "changed_date": "2021-10-11T08:08:12.675Z"}}, {"model": "cms.cmsplugin", "pk": 1949, "fields": {"path": "005Y0002", "depth": 2, "numchild": 1, "placeholder": 22, "parent": 1947, "position": 1, "language": "en", "plugin_type": "Bootstrap4GridContainerPlugin", "creation_date": "2021-10-07T19:54:02.775Z", "changed_date": "2021-10-11T08:08:12.659Z"}}, {"model": "cms.cmsplugin", "pk": 1950, "fields": {"path": "005Y00020001", "depth": 3, "numchild": 2, "placeholder": 22, "parent": 1949, "position": 0, "language": "en", "plugin_type": "Bootstrap4GridContainerPlugin", "creation_date": "2021-10-07T19:43:30.373Z", "changed_date": "2021-10-11T08:08:12.660Z"}}, {"model": "cms.cmsplugin", "pk": 1951, "fields": {"path": "005Y000200010001", "depth": 4, "numchild": 0, "placeholder": 22, "parent": 1950, "position": 0, "language": "en", "plugin_type": "TextPlugin", "creation_date": "2021-10-07T19:40:04.044Z", "changed_date": "2021-10-11T08:08:12.679Z"}}, {"model": "cms.cmsplugin", "pk": 1952, "fields": {"path": "005Y000200010002", "depth": 4, "numchild": 1, "placeholder": 22, "parent": 1950, "position": 1, "language": "en", "plugin_type": "Bootstrap4GridContainerPlugin", "creation_date": "2021-10-07T19:48:03.921Z", "changed_date": "2021-10-11T08:08:12.667Z"}}, {"model": "cms.cmsplugin", "pk": 1953, "fields": {"path": "005Y0002000100020001", "depth": 5, "numchild": 1, "placeholder": 22, "parent": 1952, "position": 0, "language": "en", "plugin_type": "TextPlugin", "creation_date": "2021-10-07T19:48:46.999Z", "changed_date": "2021-10-11T08:08:12.686Z"}}, {"model": "cms.cmsplugin", "pk": 1954, "fields": {"path": "005Y00020001000200010001", "depth": 6, "numchild": 0, "placeholder": 22, "parent": 1953, "position": 0, "language": "en", "plugin_type": "FilePlugin", "creation_date": "2021-10-07T19:50:30.825Z", "changed_date": "2021-10-11T08:08:12.672Z"}}, {"model": "cms.cmsplugin", "pk": 1955, "fields": {"path": "005Z", "depth": 1, "numchild": 2, "placeholder": 37, "parent": null, "position": 0, "language": "en", "plugin_type": "Bootstrap4CarouselPlugin", "creation_date": "2021-10-07T18:52:49.488Z", "changed_date": "2021-10-11T08:08:12.694Z"}}, {"model": "cms.cmsplugin", "pk": 1956, "fields": {"path": "005Z0001", "depth": 2, "numchild": 0, "placeholder": 37, "parent": 1955, "position": 0, "language": "en", "plugin_type": "Bootstrap4CarouselSlidePlugin", "creation_date": "2021-10-07T19:08:42.066Z", "changed_date": "2021-10-11T08:08:12.696Z"}}, {"model": "cms.cmsplugin", "pk": 1957, "fields": {"path": "005Z0002", "depth": 2, "numchild": 0, "placeholder": 37, "parent": 1955, "position": 1, "language": "en", "plugin_type": "Bootstrap4CarouselSlidePlugin", "creation_date": "2021-10-07T19:09:20.301Z", "changed_date": "2021-10-11T08:08:12.699Z"}}, {"model": "cms.cmsplugin", "pk": 1958, "fields": {"path": "0060", "depth": 1, "numchild": 1, "placeholder": 81, "parent": null, "position": 0, "language": "en", "plugin_type": "Bootstrap4GridContainerPlugin", "creation_date": "2021-10-07T20:27:37.398Z", "changed_date": "2021-10-11T08:08:12.706Z"}}, {"model": "cms.cmsplugin", "pk": 1959, "fields": {"path": "00600001", "depth": 2, "numchild": 0, "placeholder": 81, "parent": 1958, "position": 0, "language": "en", "plugin_type": "TextPlugin", "creation_date": "2021-10-07T20:27:50.401Z", "changed_date": "2021-10-11T08:08:12.713Z"}}, {"model": "cms.cmsplugin", "pk": 1960, "fields": {"path": "0061", "depth": 1, "numchild": 1, "placeholder": 84, "parent": null, "position": 0, "language": "en", "plugin_type": "Bootstrap4GridContainerPlugin", "creation_date": "2021-10-07T19:21:30.107Z", "changed_date": "2021-10-11T08:08:12.723Z"}}, {"model": "cms.cmsplugin", "pk": 1961, "fields": {"path": "00610001", "depth": 2, "numchild": 0, "placeholder": 84, "parent": 1960, "position": 0, "language": "en", "plugin_type": "TextPlugin", "creation_date": "2021-06-29T11:29:18.883Z", "changed_date": "2021-10-11T08:08:12.732Z"}}, {"model": "cms.cmsplugin", "pk": 1962, "fields": {"path": "0062", "depth": 1, "numchild": 1, "placeholder": 83, "parent": null, "position": 0, "language": "en", "plugin_type": "Bootstrap4GridContainerPlugin", "creation_date": "2021-10-08T09:15:29.744Z", "changed_date": "2021-10-11T08:08:12.744Z"}}, {"model": "cms.cmsplugin", "pk": 1963, "fields": {"path": "00620001", "depth": 2, "numchild": 0, "placeholder": 83, "parent": 1962, "position": 0, "language": "en", "plugin_type": "TextPlugin", "creation_date": "2021-10-08T09:15:39.351Z", "changed_date": "2021-10-11T08:08:12.750Z"}}, {"model": "cms.title", "pk": 1, "fields": {"language": "en", "title": "Home", "page_title": "", "menu_title": "", "meta_description": "Minister of Art & Culture\r\n\r\nShri N. Biren Singh Honourable Chief Minister, Manipur. Minister Incharge Art & Culture Manipur.\r\n\r\nIntroduction\r\n\r\nThe Department of Art & Culture, Manipur started functioning as a full-fledged Department in 1990 after bifurcation of the erstwhile Department of Social Welfar", "slug": "home", "path": "", "has_url_overwrite": false, "redirect": null, "page": 1, "creation_date": "2021-06-16T06:26:28.964Z", "published": true, "publisher_is_draft": true, "publisher_public": 2, "publisher_state": 0}}, {"model": "cms.title", "pk": 2, "fields": {"language": "en", "title": "Home", "page_title": "", "menu_title": "", "meta_description": "Minister of Art & Culture\r\n\r\nShri N. Biren Singh Honourable Chief Minister, Manipur. Minister Incharge Art & Culture Manipur.\r\n\r\nIntroduction\r\n\r\nThe Department of Art & Culture, Manipur started functioning as a full-fledged Department in 1990 after bifurcation of the erstwhile Department of Social Welfar", "slug": "home", "path": "", "has_url_overwrite": false, "redirect": null, "page": 2, "creation_date": "2021-06-16T06:26:28.964Z", "published": true, "publisher_is_draft": false, "publisher_public": 1, "publisher_state": 0}}, {"model": "cms.title", "pk": 15, "fields": {"language": "en", "title": "otherlink", "page_title": "", "menu_title": "", "meta_description": "", "slug": "otherlink", "path": "otherlink", "has_url_overwrite": false, "redirect": null, "page": 15, "creation_date": "2021-06-30T10:51:26.262Z", "published": true, "publisher_is_draft": true, "publisher_public": 16, "publisher_state": 0}}, {"model": "cms.title", "pk": 16, "fields": {"language": "en", "title": "otherlink", "page_title": "", "menu_title": "", "meta_description": "", "slug": "otherlink", "path": "otherlink", "has_url_overwrite": false, "redirect": null, "page": 16, "creation_date": "2021-06-30T10:51:26.262Z", "published": true, "publisher_is_draft": false, "publisher_public": 15, "publisher_state": 0}}, {"model": "cms.title", "pk": 17, "fields": {"language": "en", "title": "screen reader", "page_title": "", "menu_title": "", "meta_description": "", "slug": "screen-reader", "path": "screen-reader", "has_url_overwrite": false, "redirect": null, "page": 17, "creation_date": "2021-06-30T11:04:34.025Z", "published": true, "publisher_is_draft": true, "publisher_public": 18, "publisher_state": 0}}, {"model": "cms.title", "pk": 18, "fields": {"language": "en", "title": "screen reader", "page_title": "", "menu_title": "", "meta_description": "", "slug": "screen-reader", "path": "screen-reader", "has_url_overwrite": false, "redirect": null, "page": 18, "creation_date": "2021-06-30T11:04:34.025Z", "published": true, "publisher_is_draft": false, "publisher_public": 17, "publisher_state": 0}}, {"model": "cms.title", "pk": 24, "fields": {"language": "en", "title": "sitemap", "page_title": "", "menu_title": "", "meta_description": "", "slug": "sitemap", "path": "sitemap", "has_url_overwrite": false, "redirect": null, "page": 24, "creation_date": "2021-09-30T07:42:42.150Z", "published": true, "publisher_is_draft": true, "publisher_public": 25, "publisher_state": 0}}, {"model": "cms.title", "pk": 25, "fields": {"language": "en", "title": "sitemap", "page_title": "", "menu_title": "", "meta_description": "", "slug": "sitemap", "path": "sitemap", "has_url_overwrite": false, "redirect": null, "page": 25, "creation_date": "2021-09-30T07:42:42.150Z", "published": true, "publisher_is_draft": false, "publisher_public": 24, "publisher_state": 0}}, {"model": "cms.urlconfrevision", "pk": 1, "fields": {"revision": "29cceabb-e7e6-44b0-8e52-e3fcf85a0a3a"}}, {"model": "menus.cachekey", "pk": 221, "fields": {"language": "en", "site": 1, "key": "cms_3.8.0_menu_nodes_en_1_1_user:draft"}}, {"model": "menus.cachekey", "pk": 222, "fields": {"language": "en", "site": 1, "key": "cms_3.8.0_menu_nodes_en_1:public"}}, {"model": "djangocms_text_ckeditor.text", "pk": 714, "fields": {"body": "<p style=\"color: #ff0000;\"><strong>Notifications</strong></p>"}}, {"model": "djangocms_text_ckeditor.text", "pk": 1176, "fields": {"body": "<p><strong>Related Links</strong></p>\n\n<p style=\"text-align: center;\"><a href=\"http://www.india.gov.in/\" target=\"_blank\"><img src=\"https://horticulture.mn.gov.in/images/relatedimage/india.png\"></a><a href=\"http://www.manipur.gov.in/\" target=\"_blank\"><img src=\"https://horticulture.mn.gov.in/images/relatedimage/manipur.png\"></a><a href=\"http://www.dacnet.nic.in/\" target=\"_blank\"><img src=\"https://horticulture.mn.gov.in/images/relatedimage/dacnet.png\"></a><a href=\"http://www.agmarknet.nic.in/\" target=\"_blank\"><img src=\"https://horticulture.mn.gov.in/images/relatedimage/agmarket.png\"></a></p>\n\n<p style=\"text-align: center;\"><a href=\"http://www.agricoop.nic.in/\" target=\"_blank\"><img src=\"https://horticulture.mn.gov.in/images/relatedimage/deptagri.png\"></a></p>\n\n<p></p>\n\n<p></p>\n\n<p></p>\n\n<p></p>\n\n<p></p>\n\n<p></p>"}}, {"model": "djangocms_text_ckeditor.text", "pk": 1178, "fields": {"body": "<p><strong>Related Links</strong></p>\n\n<p style=\"text-align: center;\"><a href=\"http://www.india.gov.in/\" target=\"_blank\"><img src=\"https://horticulture.mn.gov.in/images/relatedimage/india.png\"></a><a href=\"http://www.manipur.gov.in/\" target=\"_blank\"><img src=\"https://horticulture.mn.gov.in/images/relatedimage/manipur.png\"></a><a href=\"http://www.dacnet.nic.in/\" target=\"_blank\"><img src=\"https://horticulture.mn.gov.in/images/relatedimage/dacnet.png\"></a><a href=\"http://www.agmarknet.nic.in/\" target=\"_blank\"><img src=\"https://horticulture.mn.gov.in/images/relatedimage/agmarket.png\"></a></p>\n\n<p style=\"text-align: center;\"><a href=\"http://www.agricoop.nic.in/\" target=\"_blank\"><img src=\"https://horticulture.mn.gov.in/images/relatedimage/deptagri.png\"></a></p>\n\n<p></p>\n\n<p></p>\n\n<p></p>\n\n<p></p>\n\n<p></p>\n\n<p></p>"}}, {"model": "djangocms_text_ckeditor.text", "pk": 1179, "fields": {"body": "<p tabindex=\"0\"><strong>This will enable people with visual impairments access the website using assistive technologies, such as screen readers.</strong></p>\n\n<p tabindex=\"0\"><strong>The information of the website is accessible with different screen readers.</strong></p>\n\n<p tabindex=\"0\"><a href=\"http://www.gwmicro.com/Window-Eyes/\" target=\"_blank\">http://www.gwmicro.com/Window-Eyes/</a></p>\n\n<p tabindex=\"0\"><a href=\"http://webanywhere.cs.washington.edu/wa.php\" target=\"_blank\">http://webanywhere.cs.washington.edu/wa.php</a></p>\n\n<p tabindex=\"0\"><a href=\"http://www.screenreader.net/index.php?pageid=2\" target=\"_blank\">http://www.screenreader.net/index.php?pageid=2</a></p>\n\n<p tabindex=\"0\"><a href=\"http://www.satogo.com/\" target=\"_blank\">http://www.satogo.com/</a></p>\n\n<p tabindex=\"0\"><a href=\"http://www.yourdolphin.co.uk/productdetail.asp?id=1\" target=\"_blank\">http://www.yourdolphin.co.uk/productdetail.asp?id=1</a></p>\n\n<p tabindex=\"0\"><a href=\"http://www.nvda-project.org/\" target=\"_blank\">http://www.nvda-project.org/</a></p>\n\n<p tabindex=\"0\"><a href=\"http://www.freedomscientific.com/jaws-hq.asp\" target=\"_blank\">http://www.freedomscientific.com/jaws-hq.asp</a></p>\n\n<p tabindex=\"0\"></p>\n\n<p tabindex=\"0\"></p>"}}, {"model": "djangocms_text_ckeditor.text", "pk": 1181, "fields": {"body": "<p tabindex=\"0\"><strong>This will enable people with visual impairments access the website using assistive technologies, such as screen readers.</strong></p>\n\n<p tabindex=\"0\"><strong>The information of the website is accessible with different screen readers.</strong></p>\n\n<p tabindex=\"0\"><a href=\"http://www.gwmicro.com/Window-Eyes/\" target=\"_blank\">http://www.gwmicro.com/Window-Eyes/</a></p>\n\n<p tabindex=\"0\"><a href=\"http://webanywhere.cs.washington.edu/wa.php\" target=\"_blank\">http://webanywhere.cs.washington.edu/wa.php</a></p>\n\n<p tabindex=\"0\"><a href=\"http://www.screenreader.net/index.php?pageid=2\" target=\"_blank\">http://www.screenreader.net/index.php?pageid=2</a></p>\n\n<p tabindex=\"0\"><a href=\"http://www.satogo.com/\" target=\"_blank\">http://www.satogo.com/</a></p>\n\n<p tabindex=\"0\"><a href=\"http://www.yourdolphin.co.uk/productdetail.asp?id=1\" target=\"_blank\">http://www.yourdolphin.co.uk/productdetail.asp?id=1</a></p>\n\n<p tabindex=\"0\"><a href=\"http://www.nvda-project.org/\" target=\"_blank\">http://www.nvda-project.org/</a></p>\n\n<p tabindex=\"0\"><a href=\"http://www.freedomscientific.com/jaws-hq.asp\" target=\"_blank\">http://www.freedomscientific.com/jaws-hq.asp</a></p>\n\n<p tabindex=\"0\"></p>\n\n<p tabindex=\"0\"></p>"}}, {"model": "djangocms_text_ckeditor.text", "pk": 1293, "fields": {"body": "<p><strong>Notifications</strong></p>"}}, {"model": "djangocms_text_ckeditor.text", "pk": 1491, "fields": {"body": "<p><strong><cms-plugin alt=\"Link / Button - 1492 \" title=\"Link / Button - 1492\" id=\"1492\"></cms-plugin></strong></p>\n\n<p><strong><cms-plugin alt=\"Link / Button - 1493 \" title=\"Link / Button - 1493\" id=\"1493\"></cms-plugin></strong></p>\n\n<p><strong><cms-plugin alt=\"Link / Button - 1494 \" title=\"Link / Button - 1494\" id=\"1494\"></cms-plugin></strong></p>"}}, {"model": "djangocms_text_ckeditor.text", "pk": 1575, "fields": {"body": "<p style=\"text-align: center; margin-bottom: 2px;\"><b>FOR OFFLINE APPLICATION</b></p>"}}, {"model": "djangocms_text_ckeditor.text", "pk": 1579, "fields": {"body": "<p style=\"margin: 0; padding-bottom: 5px;\"><cms-plugin alt=\"File - note.pdf \" title=\"File - note.pdf\" id=\"1580\"></cms-plugin></p>"}}, {"model": "djangocms_text_ckeditor.text", "pk": 1613, "fields": {"body": "<div><b><span style=\"color: #ff0000;\">* Notes</span> :</b><br>\n Read all the<b>Instructions</b>carefully first.<br>\n After that, click on the<b>\"I have read and accepted the above instructions carefully\"</b>checkbox.<br>\n Then,<b>Continue</b>button will appear. Now,click on<b>Continue</b>Button.<br>\n It will redirect to<b>Verification Page</b>.Then, Verify your<b>Phone</b>and<b>Aadhaar</b>.</div>\n\n<div> Once<b>Verified</b>, you can fill up the form. If you<b>already applied</b>, you will not be allowed to apply again.<br>\n In order to make change to your previous application,click on CHANGE REGISTRATION.You need to upload your PHOTO,AADHAAR COPY,INCOME COPY and SIGNATURE again.</div>"}}, {"model": "djangocms_text_ckeditor.text", "pk": 1691, "fields": {"body": "<p style=\"text-align: justify;\">Shri N. Biren Singh Honourable Chief Minister, Manipur.</p>\n\n<p></p>"}}, {"model": "djangocms_text_ckeditor.text", "pk": 1724, "fields": {"body": "<article style=\"\">\n<div class=\"rounded py-1 my-3\" id=\"pagecontent-title\" style=\"background-color: rgb(255, 0, 0); text-align: center;\"><b>GENERAL INSTRUCTION FOR FORM FILL-UP</b></div>\n\n<p><b> One Applicant can apply once.<br>\n Applicant should enclosed his/her photo copy in Jpeg/png format.<br>\n Aadhaar number is compulsary for the applicant.<br>\n Scan copy of the aadhaar in PDF format for the applicant should be enclosed.<br>\n Scan copy of the Income certificate in PDF format issued by DC/SDO/SDC should be enclosed.<br>\n Photo Copy of the signature in Jpeg/Png is mandatory.<br>\n Aadhaar copy,Income certificate copy should be in PDF format and maximum size of 400kb.<br>\n Signature photo,Applicant's photo should be in JPEG/PNG format and maximum size of 400kb.<br>\n After the completion of form fill-up,a copy of the details can be printed.<br>\n Once applied,you can check the status in the CHECK MY STATUS button above by entering the registered mobile number and Aadhaar No.</b></p>\n\n<form action=\"\" id=\"w0\" method=\"post\">\n<p><label><input id=\"checkcl\" name=\"HousingRegistrationSearch[check]\" type=\"checkbox\" value=\"1\">I have read and accepted the above instructions carefully</label></p>\n</form>\n\n<p style=\"text-align: justify;\"></p>\n</article>"}}, {"model": "djangocms_text_ckeditor.text", "pk": 1726, "fields": {"body": "<article style=\"\">\n<div class=\"rounded py-1 my-3\" id=\"pagecontent-title\" style=\"background-color: rgb(255, 0, 0); text-align: center;\"><b>GENERAL INSTRUCTION FOR FORM FILL-UP</b></div>\n\n<p><b> One Applicant can apply once.<br>\n Applicant should enclosed his/her photo copy in Jpeg/png format.<br>\n Aadhaar number is compulsary for the applicant.<br>\n Scan copy of the aadhaar in PDF format for the applicant should be enclosed.<br>\n Scan copy of the Income certificate in PDF format issued by DC/SDO/SDC should be enclosed.<br>\n Photo Copy of the signature in Jpeg/Png is mandatory.<br>\n Aadhaar copy,Income certificate copy should be in PDF format and maximum size of 400kb.<br>\n Signature photo,Applicant's photo should be in JPEG/PNG format and maximum size of 400kb.<br>\n After the completion of form fill-up,a copy of the details can be printed.<br>\n Once applied,you can check the status in the CHECK MY STATUS button above by entering the registered mobile number and Aadhaar No.</b></p>\n\n<form action=\"\" id=\"w0\" method=\"post\">\n<p><label><input id=\"checkcl\" name=\"HousingRegistrationSearch[check]\" type=\"checkbox\" value=\"1\">I have read and accepted the above instructions carefully</label></p>\n</form>\n\n<p style=\"text-align: justify;\"></p>\n</article>"}}, {"model": "djangocms_text_ckeditor.text", "pk": 1728, "fields": {"body": "<h4>Contact Us</h4>\n\n<hr>\n<p style=\"text-align: center;\"></p>\n\n<p style=\"text-align: center;\"><strong>Tribal Affairs and Hills</strong></p>\n\n<p style=\"text-align: center;\">Near Police Hd.Qtr., Sanakhwa Yaima Kollup, Imphal, Manipur 795001</p>\n\n<p style=\"text-align: center;\"></p>"}}, {"model": "djangocms_text_ckeditor.text", "pk": 1936, "fields": {"body": "<p style=\"text-align: justify;\">Shri N. Biren Singh Honourable Chief Minister, Manipur.</p>\n\n<p></p>"}}, {"model": "djangocms_text_ckeditor.text", "pk": 1941, "fields": {"body": "<p><strong>Notifications</strong></p>"}}, {"model": "djangocms_text_ckeditor.text", "pk": 1943, "fields": {"body": "<p><strong><cms-plugin alt=\"Link / Button - 1944 \" title=\"Link / Button - 1944\" id=\"1944\"></cms-plugin></strong></p>\n\n<p><strong><cms-plugin alt=\"Link / Button - 1945 \" title=\"Link / Button - 1945\" id=\"1945\"></cms-plugin></strong></p>\n\n<p><strong><cms-plugin alt=\"Link / Button - 1946 \" title=\"Link / Button - 1946\" id=\"1946\"></cms-plugin></strong></p>"}}, {"model": "djangocms_text_ckeditor.text", "pk": 1948, "fields": {"body": "<p style=\"color: #ff0000;\"><strong>Notifications</strong></p>"}}, {"model": "djangocms_text_ckeditor.text", "pk": 1951, "fields": {"body": "<p style=\"text-align: center; margin-bottom: 2px;\"><b>FOR OFFLINE APPLICATION</b></p>"}}, {"model": "djangocms_text_ckeditor.text", "pk": 1953, "fields": {"body": "<p style=\"margin: 0; padding-bottom: 5px;\"><cms-plugin alt=\"File - note.pdf \" title=\"File - note.pdf\" id=\"1954\"></cms-plugin></p>"}}, {"model": "djangocms_text_ckeditor.text", "pk": 1959, "fields": {"body": "<div><b><span style=\"color: #ff0000;\">* Notes</span> :</b><br>\n Read all the<b>Instructions</b>carefully first.<br>\n After that, click on the<b>\"I have read and accepted the above instructions carefully\"</b>checkbox.<br>\n Then,<b>Continue</b>button will appear. Now,click on<b>Continue</b>Button.<br>\n It will redirect to<b>Verification Page</b>.Then, Verify your<b>Phone</b>and<b>Aadhaar</b>.</div>\n\n<div> Once<b>Verified</b>, you can fill up the form. If you<b>already applied</b>, you will not be allowed to apply again.<br>\n In order to make change to your previous application,click on CHANGE REGISTRATION.You need to upload your PHOTO,AADHAAR COPY,INCOME COPY and SIGNATURE again.</div>"}}, {"model": "djangocms_text_ckeditor.text", "pk": 1961, "fields": {"body": "<article style=\"\">\n<div class=\"rounded py-1 my-3\" id=\"pagecontent-title\" style=\"background-color: rgb(255, 0, 0); text-align: center;\"><b>GENERAL INSTRUCTION FOR FORM FILL-UP</b></div>\n\n<p><b> One Applicant can apply once.<br>\n Applicant should enclosed his/her photo copy in Jpeg/png format.<br>\n Aadhaar number is compulsary for the applicant.<br>\n Scan copy of the aadhaar in PDF format for the applicant should be enclosed.<br>\n Scan copy of the Income certificate in PDF format issued by DC/SDO/SDC should be enclosed.<br>\n Photo Copy of the signature in Jpeg/Png is mandatory.<br>\n Aadhaar copy,Income certificate copy should be in PDF format and maximum size of 400kb.<br>\n Signature photo,Applicant's photo should be in JPEG/PNG format and maximum size of 400kb.<br>\n After the completion of form fill-up,a copy of the details can be printed.<br>\n Once applied,you can check the status in the CHECK MY STATUS button above by entering the registered mobile number and Aadhaar No.</b></p>\n\n<form action=\"\" id=\"w0\" method=\"post\">\n<p><label><input id=\"checkcl\" name=\"HousingRegistrationSearch[check]\" type=\"checkbox\" value=\"1\">I have read and accepted the above instructions carefully</label></p>\n</form>\n\n<p style=\"text-align: justify;\"></p>\n</article>"}}, {"model": "djangocms_text_ckeditor.text", "pk": 1963, "fields": {"body": "<h4>Contact Us</h4>\n\n<hr>\n<p style=\"text-align: center;\"></p>\n\n<p style=\"text-align: center;\"><strong>Tribal Affairs and Hills</strong></p>\n\n<p style=\"text-align: center;\">Near Police Hd.Qtr., Sanakhwa Yaima Kollup, Imphal, Manipur 795001</p>\n\n<p style=\"text-align: center;\"></p>"}}, {"model": "filer.folder", "pk": 3, "fields": {"level": 0, "lft": 1, "rght": 2, "parent": null, "name": "photo", "owner": 1, "uploaded_at": "2021-09-30T07:01:31.631Z", "created_at": "2021-09-30T07:01:31.631Z", "modified_at": "2021-09-30T07:01:31.631Z", "tree_id": 1}}, {"model": "filer.folder", "pk": 4, "fields": {"level": 0, "lft": 1, "rght": 2, "parent": null, "name": "doc", "owner": 1, "uploaded_at": "2021-09-30T07:36:32.315Z", "created_at": "2021-09-30T07:36:32.315Z", "modified_at": "2021-09-30T07:36:32.315Z", "tree_id": 2}}, {"model": "filer.file", "pk": 34, "fields": {"polymorphic_ctype": 30, "folder": 3, "file": "filer_public/15/78/15784c30-78c6-4300-9a1e-802bd8ed3965/pexels-ali-yasser-arwand-693521.jpg", "_file_size": 3976803, "sha1": "90df4bd519e054b7ffbec2feb3dcf0aab3fb5955", "has_all_mandatory_data": false, "original_filename": "pexels-ali-yasser-arwand-693521.jpg", "name": "", "description": null, "owner": 1, "uploaded_at": "2021-10-07T19:08:25.889Z", "modified_at": "2021-10-07T19:08:25.889Z", "is_public": true, "mime_type": "image/jpeg"}}, {"model": "filer.file", "pk": 35, "fields": {"polymorphic_ctype": 30, "folder": 3, "file": "filer_public/87/d1/87d198e9-7f6b-4ec5-9297-fd8304eb4894/pexels-pixabay-459225.jpg", "_file_size": 4051554, "sha1": "e38f315028a06f876b70b7cd921f64c693a53fc0", "has_all_mandatory_data": false, "original_filename": "pexels-pixabay-459225.jpg", "name": "", "description": null, "owner": 1, "uploaded_at": "2021-10-07T19:08:30.040Z", "modified_at": "2021-10-07T19:08:30.040Z", "is_public": true, "mime_type": "image/jpeg"}}, {"model": "filer.file", "pk": 36, "fields": {"polymorphic_ctype": 27, "folder": 4, "file": "filer_public/20/ac/20ac9148-5bb8-447e-b245-81da175e980b/note.pdf", "_file_size": 828101, "sha1": "8819ff4b2f9f94f8eed9df6a655a9ae040d7b6df", "has_all_mandatory_data": false, "original_filename": "note.pdf", "name": "", "description": null, "owner": 1, "uploaded_at": "2021-10-07T19:50:20.982Z", "modified_at": "2021-10-07T19:50:20.983Z", "is_public": true, "mime_type": "application/pdf"}}, {"model": "filer.file", "pk": 37, "fields": {"polymorphic_ctype": 30, "folder": 3, "file": "filer_public/ac/4b/ac4bc88a-5b74-4aeb-acee-35dc231e3c0d/cm_manipur.jpg", "_file_size": 48439, "sha1": "3f26a97aa1a898408b5548990233ae11adbe6854", "has_all_mandatory_data": false, "original_filename": "CM_manipur.jpg", "name": "", "description": null, "owner": 1, "uploaded_at": "2021-10-07T20:19:16.716Z", "modified_at": "2021-10-07T20:19:16.716Z", "is_public": true, "mime_type": "image/jpeg"}}, {"model": "filer.clipboard", "pk": 1, "fields": {"user": 1}}, {"model": "filer.image", "pk": 34, "fields": {"_height": 2132, "_width": 3791, "default_alt_text": null, "default_caption": null, "subject_location": "", "date_taken": "2021-10-07T19:08:25.500Z", "author": null, "must_always_publish_author_credit": false, "must_always_publish_copyright": false}}, {"model": "filer.image", "pk": 35, "fields": {"_height": 2848, "_width": 6000, "default_alt_text": null, "default_caption": null, "subject_location": "", "date_taken": "2021-10-07T19:08:29.921Z", "author": null, "must_always_publish_author_credit": false, "must_always_publish_copyright": false}}, {"model": "filer.image", "pk": 37, "fields": {"_height": 215, "_width": 214, "default_alt_text": null, "default_caption": null, "subject_location": "", "date_taken": "2021-10-07T20:19:15.365Z", "author": null, "must_always_publish_author_credit": false, "must_always_publish_copyright": false}}, {"model": "easy_thumbnails.source", "pk": 34, "fields": {"storage_hash": "f9bde26a1556cd667f742bd34ec7c55e", "name": "filer_public/15/78/15784c30-78c6-4300-9a1e-802bd8ed3965/pexels-ali-yasser-arwand-693521.jpg", "modified": "2021-10-07T19:08:44.766Z"}}, {"model": "easy_thumbnails.source", "pk": 35, "fields": {"storage_hash": "f9bde26a1556cd667f742bd34ec7c55e", "name": "filer_public/87/d1/87d198e9-7f6b-4ec5-9297-fd8304eb4894/pexels-pixabay-459225.jpg", "modified": "2021-10-07T19:08:31.074Z"}}, {"model": "easy_thumbnails.source", "pk": 36, "fields": {"storage_hash": "f9bde26a1556cd667f742bd34ec7c55e", "name": "filer_public/20/ac/20ac9148-5bb8-447e-b245-81da175e980b/note.pdf", "modified": "2021-10-07T19:50:20.689Z"}}, {"model": "easy_thumbnails.source", "pk": 37, "fields": {"storage_hash": "f9bde26a1556cd667f742bd34ec7c55e", "name": "filer_public/ac/4b/ac4bc88a-5b74-4aeb-acee-35dc231e3c0d/cm_manipur.jpg", "modified": "2021-10-07T20:20:07.816Z"}}, {"model": "easy_thumbnails.thumbnail", "pk": 79, "fields": {"storage_hash": "f9bde26a1556cd667f742bd34ec7c55e", "name": "filer_public_thumbnails\\filer_public/15/78/15784c30-78c6-4300-9a1e-802bd8ed3965\\pexels-ali-yasser-arwand-693521.jpg__16x16_q85_crop_subsampling-2_upscale.jpg", "modified": "2021-10-07T19:08:27.229Z", "source": 34}}, {"model": "easy_thumbnails.thumbnail", "pk": 80, "fields": {"storage_hash": "f9bde26a1556cd667f742bd34ec7c55e", "name": "filer_public_thumbnails\\filer_public/15/78/15784c30-78c6-4300-9a1e-802bd8ed3965\\pexels-ali-yasser-arwand-693521.jpg__32x32_q85_crop_subsampling-2_upscale.jpg", "modified": "2021-10-07T19:08:27.782Z", "source": 34}}, {"model": "easy_thumbnails.thumbnail", "pk": 81, "fields": {"storage_hash": "f9bde26a1556cd667f742bd34ec7c55e", "name": "filer_public_thumbnails\\filer_public/15/78/15784c30-78c6-4300-9a1e-802bd8ed3965\\pexels-ali-yasser-arwand-693521.jpg__48x48_q85_crop_subsampling-2_upscale.jpg", "modified": "2021-10-07T19:08:28.340Z", "source": 34}}, {"model": "easy_thumbnails.thumbnail", "pk": 82, "fields": {"storage_hash": "f9bde26a1556cd667f742bd34ec7c55e", "name": "filer_public_thumbnails\\filer_public/15/78/15784c30-78c6-4300-9a1e-802bd8ed3965\\pexels-ali-yasser-arwand-693521.jpg__64x64_q85_crop_subsampling-2_upscale.jpg", "modified": "2021-10-07T19:08:28.888Z", "source": 34}}, {"model": "easy_thumbnails.thumbnail", "pk": 83, "fields": {"storage_hash": "f9bde26a1556cd667f742bd34ec7c55e", "name": "filer_public_thumbnails\\filer_public/15/78/15784c30-78c6-4300-9a1e-802bd8ed3965\\pexels-ali-yasser-arwand-693521.jpg__180x180_q85_crop_subsampling-2_upscale.jpg", "modified": "2021-10-07T19:08:29.485Z", "source": 34}}, {"model": "easy_thumbnails.thumbnail", "pk": 84, "fields": {"storage_hash": "f9bde26a1556cd667f742bd34ec7c55e", "name": "filer_public_thumbnails\\filer_public/87/d1/87d198e9-7f6b-4ec5-9297-fd8304eb4894\\pexels-pixabay-459225.jpg__16x16_q85_crop_subsampling-2_upscale.jpg", "modified": "2021-10-07T19:08:31.302Z", "source": 35}}, {"model": "easy_thumbnails.thumbnail", "pk": 85, "fields": {"storage_hash": "f9bde26a1556cd667f742bd34ec7c55e", "name": "filer_public_thumbnails\\filer_public/87/d1/87d198e9-7f6b-4ec5-9297-fd8304eb4894\\pexels-pixabay-459225.jpg__32x32_q85_crop_subsampling-2_upscale.jpg", "modified": "2021-10-07T19:08:32.182Z", "source": 35}}, {"model": "easy_thumbnails.thumbnail", "pk": 86, "fields": {"storage_hash": "f9bde26a1556cd667f742bd34ec7c55e", "name": "filer_public_thumbnails\\filer_public/87/d1/87d198e9-7f6b-4ec5-9297-fd8304eb4894\\pexels-pixabay-459225.jpg__48x48_q85_crop_subsampling-2_upscale.jpg", "modified": "2021-10-07T19:08:33.056Z", "source": 35}}, {"model": "easy_thumbnails.thumbnail", "pk": 87, "fields": {"storage_hash": "f9bde26a1556cd667f742bd34ec7c55e", "name": "filer_public_thumbnails\\filer_public/87/d1/87d198e9-7f6b-4ec5-9297-fd8304eb4894\\pexels-pixabay-459225.jpg__64x64_q85_crop_subsampling-2_upscale.jpg", "modified": "2021-10-07T19:08:34.151Z", "source": 35}}, {"model": "easy_thumbnails.thumbnail", "pk": 88, "fields": {"storage_hash": "f9bde26a1556cd667f742bd34ec7c55e", "name": "filer_public_thumbnails\\filer_public/87/d1/87d198e9-7f6b-4ec5-9297-fd8304eb4894\\pexels-pixabay-459225.jpg__180x180_q85_crop_subsampling-2_upscale.jpg", "modified": "2021-10-07T19:08:35.221Z", "source": 35}}, {"model": "easy_thumbnails.thumbnail", "pk": 89, "fields": {"storage_hash": "f9bde26a1556cd667f742bd34ec7c55e", "name": "filer_public_thumbnails\\filer_public/15/78/15784c30-78c6-4300-9a1e-802bd8ed3965\\pexels-ali-yasser-arwand-693521.jpg__1024.0x438.85714285714283_q85_crop-10_subsampling-2_upscale.jpg", "modified": "2021-10-07T19:08:44.954Z", "source": 34}}, {"model": "easy_thumbnails.thumbnail", "pk": 90, "fields": {"storage_hash": "f9bde26a1556cd667f742bd34ec7c55e", "name": "filer_public_thumbnails\\filer_public/ac/4b/ac4bc88a-5b74-4aeb-acee-35dc231e3c0d\\cm_manipur.jpg__16x16_q85_crop_subsampling-2_upscale.jpg", "modified": "2021-10-07T20:19:21.479Z", "source": 37}}, {"model": "easy_thumbnails.thumbnail", "pk": 91, "fields": {"storage_hash": "f9bde26a1556cd667f742bd34ec7c55e", "name": "filer_public_thumbnails\\filer_public/ac/4b/ac4bc88a-5b74-4aeb-acee-35dc231e3c0d\\cm_manipur.jpg__32x32_q85_crop_subsampling-2_upscale.jpg", "modified": "2021-10-07T20:19:22.283Z", "source": 37}}, {"model": "easy_thumbnails.thumbnail", "pk": 92, "fields": {"storage_hash": "f9bde26a1556cd667f742bd34ec7c55e", "name": "filer_public_thumbnails\\filer_public/ac/4b/ac4bc88a-5b74-4aeb-acee-35dc231e3c0d\\cm_manipur.jpg__48x48_q85_crop_subsampling-2_upscale.jpg", "modified": "2021-10-07T20:19:22.823Z", "source": 37}}, {"model": "easy_thumbnails.thumbnail", "pk": 93, "fields": {"storage_hash": "f9bde26a1556cd667f742bd34ec7c55e", "name": "filer_public_thumbnails\\filer_public/ac/4b/ac4bc88a-5b74-4aeb-acee-35dc231e3c0d\\cm_manipur.jpg__64x64_q85_crop_subsampling-2_upscale.jpg", "modified": "2021-10-07T20:19:23.206Z", "source": 37}}, {"model": "easy_thumbnails.thumbnail", "pk": 94, "fields": {"storage_hash": "f9bde26a1556cd667f742bd34ec7c55e", "name": "filer_public_thumbnails\\filer_public/ac/4b/ac4bc88a-5b74-4aeb-acee-35dc231e3c0d\\cm_manipur.jpg__180x180_q85_crop_subsampling-2_upscale.jpg", "modified": "2021-10-07T20:19:23.853Z", "source": 37}}, {"model": "easy_thumbnails.thumbnail", "pk": 95, "fields": {"storage_hash": "f9bde26a1556cd667f742bd34ec7c55e", "name": "filer_public_thumbnails\\filer_public/ac/4b/ac4bc88a-5b74-4aeb-acee-35dc231e3c0d\\cm_manipur.jpg__214x215_q85_subsampling-2.jpg", "modified": "2021-10-07T20:20:07.926Z", "source": 37}}, {"model": "bootstrap4_alerts.bootstrap4alerts", "pk": 17, "fields": {"alert_context": "light", "alert_dismissable": false, "tag_type": "div", "attributes": {"class": "d-flex", "style": "box-shadow: 2px 1px 8px 1px #888888; background-color:#fafafa;justify-content:center;height:250px;"}}}, {"model": "bootstrap4_alerts.bootstrap4alerts", "pk": 185, "fields": {"alert_context": "success", "alert_dismissable": false, "tag_type": "div", "attributes": {"class": "pright"}}}, {"model": "bootstrap4_alerts.bootstrap4alerts", "pk": 1292, "fields": {"alert_context": "success", "alert_dismissable": false, "tag_type": "div", "attributes": {}}}, {"model": "bootstrap4_alerts.bootstrap4alerts", "pk": 1294, "fields": {"alert_context": "light", "alert_dismissable": false, "tag_type": "div", "attributes": {"class": "news"}}}, {"model": "bootstrap4_alerts.bootstrap4alerts", "pk": 1930, "fields": {"alert_context": "light", "alert_dismissable": false, "tag_type": "div", "attributes": {"class": "d-flex", "style": "box-shadow: 2px 1px 8px 1px #888888; background-color:#fafafa;justify-content:center;height:250px;"}}}, {"model": "bootstrap4_alerts.bootstrap4alerts", "pk": 1940, "fields": {"alert_context": "success", "alert_dismissable": false, "tag_type": "div", "attributes": {}}}, {"model": "bootstrap4_alerts.bootstrap4alerts", "pk": 1942, "fields": {"alert_context": "light", "alert_dismissable": false, "tag_type": "div", "attributes": {"class": "news"}}}, {"model": "bootstrap4_alerts.bootstrap4alerts", "pk": 1947, "fields": {"alert_context": "success", "alert_dismissable": false, "tag_type": "div", "attributes": {"class": "pright"}}}, {"model": "bootstrap4_carousel.bootstrap4carousel", "pk": 8, "fields": {"template": "default", "carousel_interval": 3000, "carousel_controls": true, "carousel_indicators": true, "carousel_keyboard": true, "carousel_pause": "hover", "carousel_ride": "carousel", "carousel_wrap": true, "carousel_aspect_ratio": "21x9", "tag_type": "div", "attributes": {}}}, {"model": "bootstrap4_carousel.bootstrap4carousel", "pk": 1523, "fields": {"template": "default", "carousel_interval": 3000, "carousel_controls": true, "carousel_indicators": true, "carousel_keyboard": true, "carousel_pause": "hover", "carousel_ride": "carousel", "carousel_wrap": true, "carousel_aspect_ratio": "21x9", "tag_type": "div", "attributes": {}}}, {"model": "bootstrap4_carousel.bootstrap4carousel", "pk": 1937, "fields": {"template": "default", "carousel_interval": 3000, "carousel_controls": true, "carousel_indicators": true, "carousel_keyboard": true, "carousel_pause": "hover", "carousel_ride": "carousel", "carousel_wrap": true, "carousel_aspect_ratio": "21x9", "tag_type": "div", "attributes": {}}}, {"model": "bootstrap4_carousel.bootstrap4carousel", "pk": 1955, "fields": {"template": "default", "carousel_interval": 3000, "carousel_controls": true, "carousel_indicators": true, "carousel_keyboard": true, "carousel_pause": "hover", "carousel_ride": "carousel", "carousel_wrap": true, "carousel_aspect_ratio": "21x9", "tag_type": "div", "attributes": {}}}, {"model": "bootstrap4_carousel.bootstrap4carouselslide", "pk": 9, "fields": {"template": "default", "name": "", "external_link": "", "internal_link": null, "file_link": null, "anchor": "", "mailto": "", "phone": "", "target": "", "attributes": {}, "carousel_image": null, "carousel_content": "", "tag_type": "div"}}, {"model": "bootstrap4_carousel.bootstrap4carouselslide", "pk": 10, "fields": {"template": "default", "name": "", "external_link": "", "internal_link": null, "file_link": null, "anchor": "", "mailto": "", "phone": "", "target": "", "attributes": {}, "carousel_image": null, "carousel_content": "", "tag_type": "div"}}, {"model": "bootstrap4_carousel.bootstrap4carouselslide", "pk": 1547, "fields": {"template": "default", "name": "", "external_link": "", "internal_link": null, "file_link": null, "anchor": "", "mailto": "", "phone": "", "target": "", "attributes": {}, "carousel_image": 34, "carousel_content": "", "tag_type": "div"}}, {"model": "bootstrap4_carousel.bootstrap4carouselslide", "pk": 1548, "fields": {"template": "default", "name": "", "external_link": "", "internal_link": null, "file_link": null, "anchor": "", "mailto": "", "phone": "", "target": "", "attributes": {}, "carousel_image": 34, "carousel_content": "", "tag_type": "div"}}, {"model": "bootstrap4_carousel.bootstrap4carouselslide", "pk": 1938, "fields": {"template": "default", "name": "", "external_link": "", "internal_link": null, "file_link": null, "anchor": "", "mailto": "", "phone": "", "target": "", "attributes": {}, "carousel_image": null, "carousel_content": "", "tag_type": "div"}}, {"model": "bootstrap4_carousel.bootstrap4carouselslide", "pk": 1939, "fields": {"template": "default", "name": "", "external_link": "", "internal_link": null, "file_link": null, "anchor": "", "mailto": "", "phone": "", "target": "", "attributes": {}, "carousel_image": null, "carousel_content": "", "tag_type": "div"}}, {"model": "bootstrap4_carousel.bootstrap4carouselslide", "pk": 1956, "fields": {"template": "default", "name": "", "external_link": "", "internal_link": null, "file_link": null, "anchor": "", "mailto": "", "phone": "", "target": "", "attributes": {}, "carousel_image": 34, "carousel_content": "", "tag_type": "div"}}, {"model": "bootstrap4_carousel.bootstrap4carouselslide", "pk": 1957, "fields": {"template": "default", "name": "", "external_link": "", "internal_link": null, "file_link": null, "anchor": "", "mailto": "", "phone": "", "target": "", "attributes": {}, "carousel_image": 34, "carousel_content": "", "tag_type": "div"}}, {"model": "bootstrap4_grid.bootstrap4gridcontainer", "pk": 1577, "fields": {"container_type": "container-fluid", "tag_type": "div", "attributes": {"class": "bg-primary rounded p-0 ", "style": "border-bottom:1px solid black;"}}}, {"model": "bootstrap4_grid.bootstrap4gridcontainer", "pk": 1578, "fields": {"container_type": "container-fluid", "tag_type": "div", "attributes": {"class": "bg-light"}}}, {"model": "bootstrap4_grid.bootstrap4gridcontainer", "pk": 1581, "fields": {"container_type": "container-fluid", "tag_type": "div", "attributes": {"class": "bg-light rounded p-0", "style": "height:300px;overflow-y:scroll;"}}}, {"model": "bootstrap4_grid.bootstrap4gridcontainer", "pk": 1612, "fields": {"container_type": "container-fluid", "tag_type": "div", "attributes": {"class": "rounded pt-5 pl-5 pb-3 mb-3", "style": "background-color:#d4edda; min-height: 367px;"}}}, {"model": "bootstrap4_grid.bootstrap4gridcontainer", "pk": 1723, "fields": {"container_type": "container-fluid", "tag_type": "div", "attributes": {"class": "rounded pt-3", "style": "box-shadow: 0px 3px 5px 3px #888888;"}}}, {"model": "bootstrap4_grid.bootstrap4gridcontainer", "pk": 1725, "fields": {"container_type": "container-fluid", "tag_type": "div", "attributes": {"class": "rounded pt-3", "style": "box-shadow: 0px 3px 5px 3px #888888;"}}}, {"model": "bootstrap4_grid.bootstrap4gridcontainer", "pk": 1727, "fields": {"container_type": "container-fluid", "tag_type": "div", "attributes": {"class": "bg-light pt-3 mt-2 rounded", "style": "height:100%;"}}}, {"model": "bootstrap4_grid.bootstrap4gridcontainer", "pk": 1929, "fields": {"container_type": "container-fluid", "tag_type": "div", "attributes": {"class": "d-flex p-0 m-0", "style": "justify-content:center; align-items:center;"}}}, {"model": "bootstrap4_grid.bootstrap4gridcontainer", "pk": 1933, "fields": {"container_type": "container-fluid", "tag_type": "div", "attributes": {"class": "d-flex p-0 m-0", "style": "justify-content:center; align-items:center;"}}}, {"model": "bootstrap4_grid.bootstrap4gridcontainer", "pk": 1949, "fields": {"container_type": "container-fluid", "tag_type": "div", "attributes": {"class": "bg-light rounded p-0", "style": "height:300px;overflow-y:scroll;"}}}, {"model": "bootstrap4_grid.bootstrap4gridcontainer", "pk": 1950, "fields": {"container_type": "container-fluid", "tag_type": "div", "attributes": {"class": "bg-primary rounded p-0 ", "style": "border-bottom:1px solid black;"}}}, {"model": "bootstrap4_grid.bootstrap4gridcontainer", "pk": 1952, "fields": {"container_type": "container-fluid", "tag_type": "div", "attributes": {"class": "bg-light"}}}, {"model": "bootstrap4_grid.bootstrap4gridcontainer", "pk": 1958, "fields": {"container_type": "container-fluid", "tag_type": "div", "attributes": {"class": "rounded pt-5 pl-5 pb-3 mb-3", "style": "background-color:#d4edda; min-height: 367px;"}}}, {"model": "bootstrap4_grid.bootstrap4gridcontainer", "pk": 1960, "fields": {"container_type": "container-fluid", "tag_type": "div", "attributes": {"class": "rounded pt-3", "style": "box-shadow: 0px 3px 5px 3px #888888;"}}}, {"model": "bootstrap4_grid.bootstrap4gridcontainer", "pk": 1962, "fields": {"container_type": "container-fluid", "tag_type": "div", "attributes": {"class": "bg-light pt-3 mt-2 rounded", "style": "height:100%;"}}}, {"model": "bootstrap4_grid.bootstrap4gridrow", "pk": 1679, "fields": {"vertical_alignment": "", "horizontal_alignment": "", "gutters": false, "tag_type": "div", "attributes": {}}}, {"model": "bootstrap4_grid.bootstrap4gridrow", "pk": 1931, "fields": {"vertical_alignment": "", "horizontal_alignment": "", "gutters": false, "tag_type": "div", "attributes": {}}}, {"model": "bootstrap4_grid.bootstrap4gridcolumn", "pk": 1680, "fields": {"column_type": "col", "column_alignment": "", "tag_type": "div", "attributes": {"class": "p-0 d-flex"}, "xs_col": 6, "xs_order": null, "xs_offset": null, "xs_ml": false, "xs_mr": false, "sm_col": 6, "sm_order": null, "sm_offset": null, "sm_ml": false, "sm_mr": false, "md_col": 6, "md_order": null, "md_offset": null, "md_ml": false, "md_mr": false, "lg_col": 6, "lg_order": null, "lg_offset": null, "lg_ml": false, "lg_mr": false, "xl_col": 6, "xl_order": null, "xl_offset": null, "xl_ml": false, "xl_mr": false}}, {"model": "bootstrap4_grid.bootstrap4gridcolumn", "pk": 1681, "fields": {"column_type": "col", "column_alignment": "", "tag_type": "div", "attributes": {"class": "d-flex", "style": "align-items:center;"}, "xs_col": 6, "xs_order": null, "xs_offset": null, "xs_ml": false, "xs_mr": false, "sm_col": 6, "sm_order": null, "sm_offset": null, "sm_ml": false, "sm_mr": false, "md_col": 6, "md_order": null, "md_offset": null, "md_ml": false, "md_mr": false, "lg_col": 6, "lg_order": null, "lg_offset": null, "lg_ml": false, "lg_mr": false, "xl_col": 6, "xl_order": null, "xl_offset": null, "xl_ml": false, "xl_mr": false}}, {"model": "bootstrap4_grid.bootstrap4gridcolumn", "pk": 1932, "fields": {"column_type": "col", "column_alignment": "", "tag_type": "div", "attributes": {"class": "p-0 d-flex"}, "xs_col": 6, "xs_order": null, "xs_offset": null, "xs_ml": false, "xs_mr": false, "sm_col": 6, "sm_order": null, "sm_offset": null, "sm_ml": false, "sm_mr": false, "md_col": 6, "md_order": null, "md_offset": null, "md_ml": false, "md_mr": false, "lg_col": 6, "lg_order": null, "lg_offset": null, "lg_ml": false, "lg_mr": false, "xl_col": 6, "xl_order": null, "xl_offset": null, "xl_ml": false, "xl_mr": false}}, {"model": "bootstrap4_grid.bootstrap4gridcolumn", "pk": 1935, "fields": {"column_type": "col", "column_alignment": "", "tag_type": "div", "attributes": {"class": "d-flex", "style": "align-items:center;"}, "xs_col": 6, "xs_order": null, "xs_offset": null, "xs_ml": false, "xs_mr": false, "sm_col": 6, "sm_order": null, "sm_offset": null, "sm_ml": false, "sm_mr": false, "md_col": 6, "md_order": null, "md_offset": null, "md_ml": false, "md_mr": false, "lg_col": 6, "lg_order": null, "lg_offset": null, "lg_ml": false, "lg_mr": false, "xl_col": 6, "xl_order": null, "xl_offset": null, "xl_ml": false, "xl_mr": false}}, {"model": "bootstrap4_link.bootstrap4link", "pk": 1492, "fields": {"template": "default", "name": "- Notice for Presidential Award 2021", "external_link": "", "internal_link": null, "file_link": null, "anchor": "", "mailto": "", "phone": "", "target": "", "attributes": {}, "link_type": "link", "link_context": "", "link_size": "", "link_outline": false, "link_block": false, "icon_left": "", "icon_right": ""}}, {"model": "bootstrap4_link.bootstrap4link", "pk": 1493, "fields": {"template": "default", "name": "- Letter from Ministry of Education for Presidential Award 2021", "external_link": "", "internal_link": null, "file_link": null, "anchor": "", "mailto": "", "phone": "", "target": "", "attributes": {}, "link_type": "link", "link_context": "", "link_size": "", "link_outline": false, "link_block": false, "icon_left": "", "icon_right": ""}}, {"model": "bootstrap4_link.bootstrap4link", "pk": 1494, "fields": {"template": "default", "name": "- National Schemes in Manipur", "external_link": "", "internal_link": null, "file_link": null, "anchor": "", "mailto": "", "phone": "", "target": "", "attributes": {}, "link_type": "link", "link_context": "", "link_size": "", "link_outline": false, "link_block": false, "icon_left": "", "icon_right": ""}}, {"model": "bootstrap4_link.bootstrap4link", "pk": 1944, "fields": {"template": "default", "name": "- Notice for Presidential Award 2021", "external_link": "", "internal_link": null, "file_link": null, "anchor": "", "mailto": "", "phone": "", "target": "", "attributes": {}, "link_type": "link", "link_context": "", "link_size": "", "link_outline": false, "link_block": false, "icon_left": "", "icon_right": ""}}, {"model": "bootstrap4_link.bootstrap4link", "pk": 1945, "fields": {"template": "default", "name": "- Letter from Ministry of Education for Presidential Award 2021", "external_link": "", "internal_link": null, "file_link": null, "anchor": "", "mailto": "", "phone": "", "target": "", "attributes": {}, "link_type": "link", "link_context": "", "link_size": "", "link_outline": false, "link_block": false, "icon_left": "", "icon_right": ""}}, {"model": "bootstrap4_link.bootstrap4link", "pk": 1946, "fields": {"template": "default", "name": "- National Schemes in Manipur", "external_link": "", "internal_link": null, "file_link": null, "anchor": "", "mailto": "", "phone": "", "target": "", "attributes": {}, "link_type": "link", "link_context": "", "link_size": "", "link_outline": false, "link_block": false, "icon_left": "", "icon_right": ""}}, {"model": "bootstrap4_picture.bootstrap4picture", "pk": 7, "fields": {"template": "default", "picture": 37, "external_picture": null, "width": null, "height": null, "alignment": "", "caption_text": "", "attributes": {"alt": "CM Biren"}, "link_url": null, "link_page": null, "link_target": "", "link_attributes": {}, "use_automatic_scaling": true, "use_no_cropping": false, "use_crop": false, "use_upscale": false, "use_responsive_image": "inherit", "thumbnail_options": null, "picture_fluid": true, "picture_rounded": false, "picture_thumbnail": false}}, {"model": "bootstrap4_picture.bootstrap4picture", "pk": 1934, "fields": {"template": "default", "picture": 37, "external_picture": null, "width": null, "height": null, "alignment": "", "caption_text": "", "attributes": {"alt": "CM Biren"}, "link_url": null, "link_page": null, "link_target": "", "link_attributes": {}, "use_automatic_scaling": true, "use_no_cropping": false, "use_crop": false, "use_upscale": false, "use_responsive_image": "inherit", "thumbnail_options": null, "picture_fluid": true, "picture_rounded": false, "picture_thumbnail": false}}, {"model": "djangocms_file.file", "pk": 1580, "fields": {"template": "default", "file_src": 36, "file_name": "1)Download Intensive Residential Training form here.", "link_target": "", "link_title": "", "show_file_size": false, "attributes": {}}}, {"model": "djangocms_file.file", "pk": 1954, "fields": {"template": "default", "file_src": 36, "file_name": "1)Download Intensive Residential Training form here.", "link_target": "", "link_title": "", "show_file_size": false, "attributes": {}}}]